:020000040800F2
:1000000088410020E30100084D0400084F04000867
:1000100053040008570400085B04000800000000B7
:10002000000000000000000000000000490100087E
:100030005F040008000000008D0100084769000807
:10004000030200080302000803020008AB75000861
:10005000030200080302000803020008030200086C
:10006000030200080302000803020008030200085C
:10007000030200080302000803020008030200084C
:10008000030200080302000803020008030200083C
:10009000030200080302000803020008030200082C
:1000A000030200080302000803020008030200081C
:1000B000030200080302000803020008030200080C
:1000C00003020008030200080302000803020008FC
:1000D00003020008C3050008030200080302000829
:1000E00003020008030200080302000803020008DC
:1000F00003020008030200080302000803020008CC
:1001000003020008030200080302000803020008BB
:1001100003020008030200080302000803020008AB
:10012000030200080302000803020008030200089B
:10013000DFF810D007F0F0FB00480047BF020008CE
:10014000AFF3008088410020224B19680868B0E8AE
:10015000F00F80F30988BFF36F8F4FF0000080F33A
:1001600011884EF00D0E7047000000000648006830
:10017000006880F3088862B661B6BFF34F8FBFF3A3
:100180006F8F00DF00BF00BF08ED00E0EFF30980D4
:10019000BFF36F8F0F4B1A6820E9F00F106008B59E
:1001A0004FF0500080F31188BFF34F8FBFF36F8F74
:1001B00004F084FD4FF0000080F31188BDE8084092
:1001C00019680868B0E8F00F80F30988BFF36F8FF3
:1001D000704700BF48010020EFF305807047000022
:1001E000704708488047084981F308880748004756
:1001F000FEE7FEE7FEE7FEE7FEE7FEE7FEE7FEE7D7
:10020000FEE7FEE7E1010008884100203101000817
:1002100005462C4652E0A088B0F5005F25D1A188A4
:10022000206801F0C0F84FF47A71E068A0FB01602B
:1002300007460A4600233046394607F0C9FA804689
:1002400004F0DBFBA188206801F0ABF84FF47A7171
:10025000A068A0FB01614FF47A720023304607F0DA
:10026000B7FA804604F0C9FB28E0A088022825D10F
:10027000A188206801F095F84FF47A71A068A0FB7E
:10028000016007460A4600233046394607F0A0FAC7
:10029000804604F0B2FBA188206801F084F84FF496
:1002A0007A71E068A0FB016007460A4600233046E9
:1002B000394607F08DFA804604F09FFBABE71CB58A
:1002C00002F0B8FD4FF4407002F05AFA00F0E4F882
:1002D00006F0D1FE002006F0C0FB002006F0CBFBAC
:1002E00000F0BEF807F008FA4FF4E13000F016F91C
:1002F0004FF480732F4A3049304806F07FFF00F0FA
:10030000D0FB07F0EBF8002201210A2002F06BFE7F
:100310002B4908602B48032100234FF48072CDE95C
:10032000001029A12C4804F0A8F80020042103465D
:100330008022CDE9001029A12B4804F09EF82B481B
:1003400003212B4B8022CDE900102AA1AFF23F10F0
:1003500004F093F80020032103464FF40072CDE926
:10036000001027A12A4804F088F800200321034642
:100370004FF48072CDE9001026A1294804F07DF8E1
:10038000284801210023C422CDE9001026A12A48D3
:1003900004F073F80020052103464FF48072CDE984
:1003A000001026A1284804F068F804F082FE00BF7F
:1003B000FEE70000C401002004380140580002405C
:1003C0003C000020080000206F6C65646D656E7550
:1003D0005F7461736B000000F90F00086B65795F53
:1003E0007461736B00000000D30F00080000002050
:1003F0000C0000206C65645F7461736B3100000059
:10040000776966695F6765745F7461736B0000008C
:10041000BB080008646174615F70617273650000FD
:10042000AF0B00084C000020776966695F73656E4A
:10043000645F7461736B0000790800085254435F75
:100440007461736B0000000001760008704700BF04
:10045000FEE700BFFEE700BFFEE700BFFEE7704714
:1004600008B50121142001F08BF94FF40050ADF8CC
:10047000000010208DF8030003208DF8020069466B
:10048000044800F0E1FE4FF40051024800F089FFFB
:1004900008BD0000001001400EB50121084601F022
:1004A0007CF94FF6FF70ADF804004720ADF800006E
:1004B0000020ADF80600ADF8020069464FF080401C
:1004C00001F02DFA00214FF0804001F0AEFC0EBD8E
:1004D00010B5044600204FF0804188840121880730
:1004E00001F0A3FC00BF4FF08040808CA042FAD303
:1004F00000214FF0804001F098FC00204FF0804137
:10050000888410BD10B5044603E04FF47A70FFF7FD
:10051000DFFF201EA4F10104F7D110BD10B586B095
:100520000446012144F2050001F02AF94FF400705D
:10053000ADF8140003208DF8160018208DF8170070
:1005400005A9F64800F080FE4FF48060ADF8140075
:1005500004208DF8170005A9F04800F075FE25204D
:100560008DF8000008208DF8010000208DF80200B1
:1005700001208DF80300684602F007F9019400207D
:10058000ADF80800ADF80A00ADF80C00ADF81000A9
:100590000C20ADF80E0001A9E14801F082FF012115
:1005A000DF4801F0ECFF002240F22551DC4801F069
:1005B000F2FF012240F22441D94801F0ECFF06B0DD
:1005C00010BD2DE9F8430020009040F22441D448AA
:1005D00002F0A0F800284CD0D148008800F0FF08B5
:1005E000CF48001D008800F0FF08CE4802F00EFA48
:1005F000C0F5807085B2CC480088854204DBCA48CB
:100600000088281A84B205E0C7480088C0F58070C9
:10061000284484B2002C2BDDC34800882044B0F568
:10062000807F0ADCC148C04A128881186B46224686
:10063000BF48006803F042FC18E0BB480088C0F5E2
:10064000807086B2A01B87B2B848B74A128881185A
:100650006B463246B648006803F030FC6B463A46BB
:10066000B249B348006803F029FC00BFAE480580DA
:1006700000BF00BF009838B14FF08050AD4908600E
:10068000BFF34F8FBFF36F8F00BFBDE8F88310B586
:10069000024600200CE000BFA14B1B8803F0400382
:1006A000002BF9D0135C9E4C241D2380431C98B270
:1006B0008842F0DB10BD01B555209F4908704420E9
:1006C0004870012088709DF80000C87002200871F1
:1006D0009DF80100487100208871C87133200872AC
:1006E00022204872084608BD2DE9F043A1B0044617
:1006F0000D4604F022FD80461DE0642201A98F48CA
:10070000006802F0CBFF012815D1214601A807F0AF
:10071000B4F818B1012021B0BDE8F08388A101A888
:1007200007F0ABF820B988A101A807F0A6F810B12E
:100730004FF0FF30EFE704F000FDA0EB08094FF4A5
:100740007A70A5FB006001464FF47A7200233046B0
:1007500007F03EF88145D0D30020DCE70BE000BF76
:100760006F49098801F040010029F9D010F8011BF8
:100770006B4A121D118001780029F0D100BF684931
:10078000098801F040010029F9D00D21644A121DA9
:10079000118000BF6249098801F040010029F9D0A9
:1007A0000A215F4A121D1180704770B505462C461C
:1007B0000026032166A0FFF76AFF40F2DC5164A027
:1007C000FFF792FF01280CD04FF4FA7004F015F9EE
:1007D00003215FA0FFF75BFF40F2DC515CA0FFF755
:1007E00083FF4FF4FA7004F008F930E0C4B959A05F
:1007F000FFF7B4FF40F2DC5158A0FFF775FF58A097
:10080000FFF7ACFF40F2DC5154A0FFF76DFF5AA098
:10081000FFF7A4FF40F2DC5150A0FFF765FF641C16
:10082000012C08D157A0FFF799FF41F288314BA066
:10083000FFF75AFF641C022C08D15BA0FFF78EFF64
:1008400040F6B83145A0FFF74FFF641C761C032C1F
:1008500001D0032ECADB5EA0FFF780FF40F2DC511F
:100860003EA0FFF741FF5EA0FFF778FF40F2DC51AA
:100870005EA0FFF739FF70BD1CB50020FFF795FFA4
:100880001AE04FF0FF3001AB0022114600901046F5
:1008900005F0DCF801280CD1554800880090FFF7DE
:1008A0000AFF0A212448FFF7F2FE00205049087091
:1008B00048700A2004F0A1F8E3E7A6B00024002560
:1008C000E4E04FF0FF33012225A91948006803F046
:1008D0008CFB012800D0D9E0FDB99DF894000A28CE
:1008E0000BD154B1002005A9085500231A4613481E
:1008F000006802F061FC0024C8E07F2C05D29DF85E
:1009000094202046641C05A90A549DF8940055289B
:1009100002D18DF800000125B8E06BE0000801402D
:10092000003801405800024038000020C401002077
:100930002C00002004ED00E0C40200203000002064
:100940004552524F520000004641494C0000000001
:100950002B2B2B0041544530000000004F4B000072
:1009600041542B554152543D3131353230302C38C1
:100970002C312C302C31000041542B43574D4F4427
:10098000453D310041542B43574A41503D2254507C
:100990002D4C494E4B5F33333732222C22313233C8
:1009A000343536373822000041542B4349505354D4
:1009B0004152543D22544350222C223139322E319F
:1009C00036382E312E313033222C37373535000072
:1009D00041542B4349504D4F44453D3100000000E8
:1009E00041542B43495053454E4400003E00000003
:1009F00044000020012D2FD19DF89400442803D1FC
:100A00008DF80100022526E07F2C04D255222046D5
:100A1000641C05A90A5400259DF894000A280BD1EE
:100A200054B1002005A9085500231A4693480068D0
:100A300002F0C2FB00240EE07F2C0CD29DF8942023
:100A40002046641C05A90A549DF89400552802D13B
:100A50008DF80000012519E09DF8942028466D1CB2
:100A60000DF80020132D10D19DF8110033280AD164
:100A70009DF81200222806D100231A4669468048B4
:100A8000006802F099FB0025002400BF19E7014629
:100A900001F00F000A1102EB820200EB4200C0B22B
:100AA000704708B500200346024601210090480225
:100AB00003F081F87349086000228021082002F0C9
:100AC00092FA6E49086000221321042002F08BFA8A
:100AD0006B4908606B48006828B16848006810B12D
:100AE0000846006808B900BFFEE708BD2DE9F041DF
:100AF000A2B0054604F021FB064646E04FF4FA7228
:100B000002A95E48006802F0C9FD01283DD15EA13E
:100B100002A806F0B2FE04463CB3204606F0BFFE33
:100B2000082822DD207A01909DF80400332803D1A3
:100B3000032022B0BDE8F0819DF80400312803D0E5
:100B40009DF80400352801D10120F2E79DF804004A
:100B5000322803D09DF80400342801D10220E8E7B0
:100B6000012101A8FFF793FD00BFAFF22C2102A8DD
:100B700006F083FE28B9AFF2302102A806F07DFE10
:100B800010B14FF0FF30D4E700BF04F0D6FA841B59
:100B90004FF47A70A5FB007001464FF47A7200237F
:100BA000384606F015FE8442A8D30020C1E788B07D
:100BB00062E04FF0FF3203A93148006802F06EFD99
:100BC000012859D19DF80E00012840D19DF80F0051
:100BD00001283CD19DF81000FFF759FF00F5FA609D
:100BE0002C4988809DF81100FFF751FF2949887131
:100BF0009DF81200FFF74BFF2649C8719DF81300BE
:100C0000FFF745FF234908709DF81400FFF73FFFE9
:100C1000204948709DF81500FFF739FF1D4988707D
:100C20009DF81600FFF733FF1A49087201F0F9FF2B
:100C30001848807817494978164CCDE90010237878
:100C4000E279A179A08806F0EDFB01F0F3FF9DF8B1
:100C50001700022810D19DF8180001280CD19DF82A
:100C600019000D4908709DF81A0048709DF81B0086
:100C700088709DF81C0008719BE700003000002080
:100C8000340000202C000020535441545555533A51
:100C900000000000783F00204600002010B5FE4A0A
:100CA0001268082A15DAFC4A1268521CFA4B1A60BC
:100CB000FA4A1B6842F833000022F84BF64C2468CD
:100CC00003EBC4031A71F54AF34B1B6802EBC30232
:100CD000517110BDF0480068002804DBEE48006840
:100CE000401EED4908607047EB480068002805DBAE
:100CF000EA48E949096800EBC10070470020FCE7B9
:100D00002DE9F04F89B0FFF7EFFF044614B909B0A1
:100D1000BDE8F08F05F004FF217901EB8101206827
:100D200000EB81008068DE49884208D1DD48082355
:100D3000602200210090202006F07CF976E02179E5
:100D400001EB8101206800EB81008068D649884270
:100D500008D1D6480823602200210090202006F008
:100D600069F963E0217901EB8101206800EB8100E2
:100D70008068CF49884208D1CE48072360220021ED
:100D80000090202006F056F950E094F8058094F881
:100D900004904FF0030ACB460BEB0A00404501DDFF
:100DA000A8EB0A0BBBF1000F01DA4FF0000B002596
:100DB00039E00BEB0507474534DA002625E04F45BF
:100DC00001D13E2000E020200246BBA101A806F090
:100DD000E1FD05EBC5004006010E0C2301AA002031
:100DE00006F01CF807EB870C236803EB8C031B69E8
:100DF00053F8262005EBC5035B06190EC6EB061358
:100E00001833D8B206F070F8761C042E09DA07EB16
:100E10008701206800EB8100006950F82600002857
:100E2000CDD100BF6D1C5545C3DB00BF05F055FE9D
:100E300000BF6CE710B596B04FF0FF3096490860E0
:100E400005F06EFE9D488088642190FBF1F201FB65
:100E500012049A48C079009098488379224698A154
:100E60000EA806F097FD9548807800909348437847
:100E7000027897A106A806F08DFD99488078009029
:100E800097484378027997A102A806F083FD0C23C6
:100E90000EAA0021084605F0C1FF0C2306AA112165
:100EA000002005F0BBFF924A2121002006F01CF82B
:100EB0008248007A8F4951F8202021210F2006F026
:100EC00013F88D4A3021002006F00EF88A4A1832B5
:100ED00030210F2006F008F8874A303230211E20DA
:100EE00006F002F8844A483230212D2005F0FCFF3C
:100EF0000C2302AA30213C2005F090FF78480078AE
:100F00007E4951F8200005237822002100905020CE
:100F100006F090F805F0E1FD16B010BD70B505467D
:100F2000FFF7E2FE044604B970BD052D4ED2DFE89E
:100F300005F04C030E1A43002079002803DD2079C8
:100F4000401E207102E06079401E20713EE0217950
:100F50006079401E814203DA2079401C207101E053
:100F60000020207132E0217901EB8101206800EB43
:100F70008100406838B1227902EB8202216801EBDE
:100F8000820148688047217901EB8101206800EBEC
:100F90008100806878B1237903EB8303226802EB38
:100FA0008302117B237903EB8303226802EB830224
:100FB0009068FFF773FE09E0FFF78CFE3648006883
:100FC000401C08B9FFF736FF00E000BF00BF00BFBC
:100FD000AAE708B50FE006F09FFB00909DF800001F
:100FE00030B100231A4669464548006802F0E4F82B
:100FF000142003F002FDEEE708B5FFF71BFF21E028
:101000004FF47A7269463E48006802F047FB0128B7
:1010100011D121480068401C30B903213948FFF73D
:101020003DFEFFF76DFE0DE09DF80000FFF776FF37
:10103000FFF766FE05E018480068401C08B9FFF796
:10104000F9FE00BFDCE710B5FFF7F4FE10BD10B5E8
:10105000FFF7F0FE10BD10B5FFF7ECFE10BD10B5A8
:10106000FFF7E8FE10BD10B5FFF7E4FE10BD10B5A8
:10107000FFF7E0FE10BD08B50120234908700020ED
:1010800003230122014600902048006804F041FD3E
:10109000FFF7D0FE08BD000040000020280300201C
:1010A0005C870008E87E0008D0860008E880000819
:1010B00098870008287D000825632000783F0020DD
:1010C000253032642D253032642D25303264000005
:1010D000253032643A253032643A253032640000DB
:1010E0004600002025642C25642D256400000000A6
:1010F00020A0000800010020C09F00081C01002063
:101100003C000020AC870008440000204C00002078
:1011100008B501201649487000200323012201462A
:1011200000901448006804F0F4FCFFF783FE08BD4B
:1011300008B502200E494870002003230222014610
:1011400000900C48006804F0E4FCFFF773FE08BD53
:1011500008B5032006494870002003231A460146BB
:1011600000900448006804F0D4FCFFF763FE08BD5B
:10117000440000204C00002010B50446C649601A07
:101180008C422FD009DCC548204480B1B0F5806F77
:1011900016D0B0F5006F4AD11BE0B0F5806F2AD0B1
:1011A000B0F5006F30D0B0F5406F40D135E001218F
:1011B000042000F0FFFA0021042000F0FBFA37E0E1
:1011C0000121082000F0F6FA0021082000F0F2FAD0
:1011D0002EE00121102000F0EDFA0021102000F097
:1011E000E9FA25E00121202000F0E4FA0021202086
:1011F00000F0E0FA1CE00121402000F0DBFA0021C1
:10120000402000F0D7FA13E00121802000F0D2FA4C
:101210000021802000F0CEFA0AE00121080200F04F
:10122000C9FA00214FF4807000F0C4FA00E000BF5A
:1012300000BF10BD10B50121084600F0BBFA002127
:10124000012000F0B7FA10BD2DE9F041024600255B
:101250000026002000230024002791F803C00CF092
:101260000F0591F803C00CF0100CBCF1000F03D077
:1012700091F802C04CEA050591F800C0BCF1000FDE
:1012800031D0146800202BE04FF0010C0CFA00F371
:10129000B1F800C00CEA03069E4220D183004FF053
:1012A0000F0C0CFA03F7BC4305FA03FC4CEA0404E8
:1012B00091F803C0BCF1280F06D14FF0010C0CFAD5
:1012C00000FCC2F814C00AE091F803C0BCF1480F5A
:1012D00005D14FF0010C0CFA00FCC2F810C0401C04
:1012E0000828D1D31460B1F800C0BCF1FF0F34DD81
:1012F000546800202EE000F1080C4FF0010808FAB5
:101300000CF3B1F800C00CEA03069E4221D1830021
:101310004FF00F0C0CFA03F7BC4305FA03FC4CEA40
:10132000040491F803C0BCF1280F05D100F1080CAA
:1013300008FA0CF8C2F8148091F803C0BCF1480F09
:1013400007D100F1080C4FF0010808FA0CF8C2F8B8
:101350001080401C0828CED35460BDE8F0814FF6C1
:10136000FF710180022181700421C1707047024623
:10137000002093680B400BB1012000E00020704773
:101380000146886880B2704702460020D3680B404F
:101390000BB1012000E0002070470146C86880B210
:1013A000704701617047416170470AB1016100E017
:1013B00041617047C16070474FF480320A438261D7
:1013C0008161826182698269704702460020344BE4
:1013D00018684FF68073184040EA02100843304BFB
:1013E000186070472F49C8617047F0B50A4600235E
:1013F0000024002100252A4E7168C0F3034583B202
:1014000000F44016B6F5401F08D121F07061244E5B
:10141000766826F07066224F7E6012E000F4801637
:10142000B6F5801F06D1032606FA05F4A14341F064
:10143000706106E0460D360103FA06F6B14341F04D
:10144000706122B1460D360103FA06F63143144E9F
:101450007160F0BD30B500228B071C0F0F2303FA1B
:1014600004F20F4B08338C1053F8243093430C4C88
:1014700008348D1044F8253023468C1053F824305E
:101480008C07240F00FA04F42343054C08348D1014
:1014900044F8253030BD00000014014000F8FEBFC4
:1014A0000000014000002042DE48006840F00100DA
:1014B000DC49086008464068DB490840D949486073
:1014C00008460068D9490840D649086008460068BF
:1014D00020F4802008600846406820F4FE00486040
:1014E000002088607047CF49096821F48031CD4AD7
:1014F00011601146096821F480211160B0F5803F28
:1015000003D0B0F5802F0ED106E0C649096841F43A
:101510008031C44A116007E0C249096841F4A02142
:10152000C04A116000E000BF00BF704710B501461F
:101530000022002300204A11012A02D1B94C23685D
:1015400006E0022A02D1B74C236A01E0B54C636A77
:1015500001F01F02012494401C400CB1012000E066
:10156000002010BD38B5002000900024002500BFE9
:101570003120FFF7DBFF05460098401C00901DB9A5
:101580000098B0F5A06FF3D13120FFF7CFFF08B17D
:10159000012400E00024204638BD01460020A14A75
:1015A000106820F0F80040EAC10010607047A049C0
:1015B00008607047024600209A4B586820F47C105F
:1015C00042EA01031843974B5860704798490866F0
:1015D000704701460020934A506820F003000843FA
:1015E000506070478F48406800F00C00704701461B
:1015F00000208C4A506820F0F0000843506070478B
:1016000001460020874A506820F4E060084350609B
:10161000704701460020834A506820F4605040EA39
:10162000C1005060704729B17E4A527A02437D4B17
:101630005A7204E07B4A527A82437A4B5A7270475C
:101640007B49D8310860704701460020754A5068D0
:1016500020F440400843506070470021714A203216
:101660001170704A82F82010012802D004280AD193
:1016700004E001216B4A2032117005E00521694A1E
:101680002032117000E000BF00BF70476949086058
:1016900070476449096A0143624A116270476549AB
:1016A00044390860704730B500210022002400232F
:1016B0005C4D6D6805F00C0121B1042905D00829A5
:1016C00023D105E05C4D056022E05B4D05601FE025
:1016D000544D6D6805F47012022505EB9242514D90
:1016E0006D6805F480341CB9544D554305600BE01A
:1016F0004C4D6D6805F400351DB1504D55430560E6
:1017000002E04D4D5543056002E04B4D056000BFC2
:1017100000BF444D6D6805F0F0010909484D6B5C50
:101720000568DD4045603F4D6D6805F4E061090ADC
:10173000434D6B5C4568DD4085603A4D6D6805F44E
:101740006051C90A3E4D6B5C4568DD40C560354D52
:101750006D6805F44041890B3A4D6B5CC568B5FB7B
:10176000F3F5056130BD29B12E4A526902432D4B74
:101770005A6104E02B4A526982432A4B5A617047EE
:1017800029B1284A92690243264B9A6104E0254A0E
:1017900092698243234B9A61704729B1214AD269E9
:1017A0000243204BDA6104E01E4AD26982431D4B9A
:1017B000DA61704729B11B4AD2680243194BDA60DB
:1017C00004E0184AD2688243164BDA60704729B1A8
:1017D000144A12690243134B1A6104E0114A126958
:1017E0008243104B1A6170471249403908607047B4
:1017F0000F49C86470470B49C87170470948406A6F
:1018000040F0807007494862704701460020054A51
:1018100092680A400AB1012000E0002070470149A7
:1018200088727047001002400000FFF8FFFFF6FECC
:10183000000042428004424200127A0000093D004A
:10184000340100204401002010B50446F749601A15
:101850008C4245D00CDCB4F1804F1DD0F4482044BC
:1018600018B3B0F5806F29D0B0F5006F54D12EE0D9
:10187000B0F5806F3DD0B0F58E3F03D0B0F5923F0C
:101880004AD13FE00121C802FFF794FF00214FF445
:101890000060FFF78FFF40E001210846FFF797FF48
:1018A00000210120FFF793FF37E001210220FFF71D
:1018B0008EFF00210220FFF78AFF2EE00121042085
:1018C000FFF785FF00210420FFF781FF25E00121BC
:1018D0000820FFF77CFF00210820FFF778FF1CE0BD
:1018E00001211020FFF773FF00211020FFF76FFF89
:1018F00013E001212020FFF76AFF00212020FFF7DD
:1019000066FF0AE001214803FFF754FF00214FF46E
:101910000050FFF74FFF00E000BF00BF10BD02887E
:1019200002F08F020280CA884B881A4303881A4348
:1019300002808A8882850A880285BE4A904202D047
:10194000BD4A904201D10A7A028601228282704702
:1019500070B5002400220023058C4FF6FE7635403A
:101960000584028C8388048B4FF68F752C400D887C
:101970002C43751E2A400D892A434D882A43CD8861
:101980008586AC4DA84202D0AB4DA84213D14FF68C
:10199000F7752A404D892A434FF6FB752A408D88FA
:1019A0002A4347F6FF652B4047F6FF552B408D89AC
:1019B0002B43CD892B4383800483028470BD70B593
:1019C000002400220023058C4FF6EF763540058475
:1019D000028C8388048B48F6FF752C400D884FF6E7
:1019E000FF7606EA05252C434FF6DF752A400D8960
:1019F00006EA05152A434D8806EA05152A43CD88CF
:101A000005878C4DA84202D08B4DA8421DD14FF6C0
:101A10007F752A404D894FF6FF7606EA05152A4361
:101A20004FF6BF752A408D8806EA05152A4347F60A
:101A3000FF352B4047F2FF752B408D8906EA85055F
:101A40002B43CD8906EA85052B43838004830284DA
:101A500070BD70B5002400220023058C4FF6FF6690
:101A600035400584028C8388848B4FF68F752C401B
:101A70000D882C434FF6FF552A400D894FF6FF760F
:101A800006EA05252A434D8806EA05252A43CD881E
:101A90008587684DA84202D0674DA8421DD14FF2FC
:101AA000FF752A404D894FF6FF7606EA05252A4341
:101AB0004FF6FF352A408D8806EA05252A4346F66B
:101AC000FF752B4045F6FF752B408D8906EA0515FD
:101AD0002B43CD8906EA05152B438380848302843A
:101AE00070BD70B5002400220023058C4EF6FF76F1
:101AF00035400584028C8388848B48F6FF752C4022
:101B00000D884FF6FF7606EA05252C434DF6FF7546
:101B10002A400D8906EA05352A434D8806EA05352F
:101B20002A43CD88A0F84050424DA84202D0424DF1
:101B3000A84207D1C3F30D038D894FF6FF7606EA5D
:101B400085152B4383808483028470BD828B4FF282
:101B5000FF331A408283828B4FF6FF7303EA01231F
:101B60001A4382837047F0B50C46154600210022C7
:101B70000026078C4EF6FF7C07EA0C070784818B52
:101B8000028C4FF6FF7707EA043640F6FF473940EC
:101B90004FF6FF7707EA05274FF6FF7C0CEA033C78
:101BA00047EA0C0739434DF6FF773A4046F4805731
:101BB0003A4381830284F0BD828B4FF6F3731A405F
:101BC0008283828B0A4382837047F0B50C461546A8
:101BD000002100220026078C4FF6FF6C07EA0C0755
:101BE0000784818B028C4FF6FF7707EA04264FF6B5
:101BF0000C7739404FF6FF7707EA03172F43394335
:101C00004FF6FF573A4046F480773A438183028487
:101C1000F0BD028B4FF2FF331A400283028B4FF666
:101C2000FF7303EA01231A43028370470010004048
:101C300000FCFFBF002C014000340140F0B50C4611
:101C40001546002100220026078C4FF6EF7C07EA9C
:101C50000C070784018B028C4FF6FF7707EA041606
:101C600040F6FF4739404FF6FF7707EA033739431D
:101C70004FF6FF7707EA052739434FF6DF773A40FB
:101C800046F010073A4301830284F0BD028B4FF601
:101C9000F3731A400283028B0A4302837047F0B544
:101CA0000C46154600210022068C4FF6FE773E407A
:101CB0000684018B028C4FF60C7631407E1C06EABE
:101CC00003162E4331437E1E324044F00106324358
:101CD00001830284F0BD70B505460C46208850B9DA
:101CE0002389A28861882846FFF7D9FFE188284622
:101CF000FFF7CCFF25E0208804280AD12389A28899
:101D000061882846FFF79AFFE1882846FFF781FFA0
:101D100017E0208808280AD12389A28861882846EC
:101D2000FFF753FFE1882846FFF746FF09E02389C4
:101D3000A28861882846FFF716FFE1882846FFF74A
:101D400005FF70BD2DE9F04105460C460026012730
:101D5000608808B9022600E00026A088012801D189
:101D6000022700E001272088A0B92389A288618882
:101D70002846FFF794FFE1882846FFF787FF23896D
:101D80003A4631462846FFF759FFE1882846FFF7D3
:101D900040FF13E02389A28861882846FFF74EFFA1
:101DA000E1882846FFF735FF23893A463146284621
:101DB000FFF775FFE1882846FFF768FFBDE8F0816F
:101DC0000A884B881A438B881A43CB881A430B899D
:101DD0001A434B891A438B891A43A0F84420704751
:101DE0004FF6FF71818000210180C1804180017226
:101DF00070470021018041808180C1800181418143
:101E00008181C18170470021018041800121818051
:101E10000021C180018170470021018041808180C3
:101E2000C180018141818181704721B1028842F0E6
:101E30000102028004E0028840F2FE331A40028070
:101E4000704731B1B0F8442042F40042A0F8442079
:101E500005E0B0F84420C2F30E02A0F84420704719
:101E60001AB183890B43838102E083898B43838189
:101E700070478182704741EA0203A0F848307047FA
:101E80001AB183890B43838102E083898B43838169
:101E9000704701894FF6F8721140018170470A4678
:101EA000002101894FF68F7319401143018170475A
:101EB00030B504460D4629462046FFF7F0FF20893D
:101EC00040F00700208130BD2DE9F04104460D4669
:101ED00016461F46602D06D13B460122314620465C
:101EE000FFF7ACFE05E03B46012231462046FFF7F6
:101EF000D6FE29462046FFF7D2FF208940F0070092
:101F00002081BDE8F08170B50C4600210189C9B27D
:101F100044EA02054FF6FF7606EA032635432943D5
:101F2000018170BD2DE9F04105460E4617469846E1
:101F3000002443463A4631462846FFF7E4FF2C8901
:101F40004FF6F870044044F007044FF68F700440D9
:101F500044F070042C81BDE8F081F0B504460D46D4
:101F600016461F463B46324629462046FFF7CBFF22
:101F7000208940F480402081F0BD01858282704735
:101F80000A460021018840F28F3319401143018035
:101F90007047F0B50C4615461E460021002200236E
:101FA0000189028B038C4FF6F877394021434FF6B5
:101FB000FC473A4040F201173A434FF6DD773B4089
:101FC0004FF6FF7707EA06172F433B430181028351
:101FD0000384F0BD0A460021018B4FF68F73194030
:101FE0001143018370470A460021018B48F6FF73B5
:101FF00019404FF6FF7303EA022319430183704728
:102000000A460021818B4FF68F731940114381835B
:1020100070470A460021818B48F6FF7319404FF63E
:10202000FF7303EA022319438183704721B10288B9
:1020300042F08002028004E0028840F27F331A40BE
:102040000280704721B1828842F00402828004E05D
:1020500082884FF6FB731A408280704721B18288D4
:1020600042F00802828004E082884FF6F7731A403B
:102070008280704721B1828842F00102828004E0B0
:1020800082884FF6FE731A40828070470A4600210C
:10209000018B4FF6F77319401143018370470A46CD
:1020A0000021018B4FF2FF7319404FF6FF7303EAD3
:1020B00002231943018370470A460021818B4FF6A2
:1020C000F77319401143818370470A460021818BC1
:1020D0004FF2FF7319404FF6FF7303EA02231943CF
:1020E000818370470A460021018B4FF6FB7319402C
:1020F0001143018370470A460021018B4FF6FF33DD
:1021000019404FF6FF7303EA022319430183704716
:102110000A460021818B4FF6FB73194011438183DE
:1021200070470A460021818B4FF6FF3319404FF666
:10213000FF7303EA02231943818370470A46002193
:10214000018B4FF67F7319401143018370470A4694
:102150000021018BC1F30E014FF6FF7303EA022346
:102160001943018370470A460021818B4FF67F7324
:1021700019401143818370470A460021818BC1F3C6
:102180000E014FF6FF7303EA022319438183704760
:102190000A460021018C4FF6FD731940114301845A
:1021A00070470A460021018C4FF6F773194011431E
:1021B000018470470A460021018C4FF6DF731940F5
:1021C0004FF6FF7303EA02131943018470470A466E
:1021D0000021018C4FF67F7319404FF6FF7303EA1D
:1021E00002131943018470470A460021018C4FF6FF
:1021F000FF5319404FF6FF7303EA0223194301848A
:1022000070470A460021018C4FF2FF7319404FF6C8
:10221000FF7303EA02231943018470470A46002131
:10222000018C4DF6FF7319404FF6FF7303EA02333A
:1022300019430184704710B5038C01248C40A343DB
:102240000384038C02FA01F4A4B22343038410BD77
:1022500010B5038C04248C40A3430384038C02FA3E
:1022600001F4A4B22343038410BD30B5038C0124D0
:102270008C40A343038409B1082918D100F1180345
:1022800003EB61031B684FF68F74234000F11804C1
:1022900004EB6104236000F1180303EB61031B6886
:1022A000134300F1180404EB610423601FE00B1FCB
:1022B000C3F34E0400F118031B5948F6FF74234082
:1022C0000C1FC4F34E0500F1180463510B1FC3F338
:1022D0004E0400F118031B594FF6FF7404EA022460
:1022E00023430C1FC4F34E0500F11804635130BDA5
:1022F00021B1028842F00202028004E0028840F22A
:10230000FD331A400280704721B1028842F0040276
:10231000028004E0028840F2FB331A4002807047DA
:1023200021B1828842F08002828004E082884FF6E8
:102330007F731A4082807047028840F2F7331A4058
:10234000028002880A430280704782884FF68F73AA
:102350001A40828082880A438280704702894FF641
:10236000F8731A40028102890A4302817047028988
:102370004FF67F731A40028102890A430281704737
:1023800081847047818570478186704701877047D7
:1023900081877047A0F8401070470288D2B202804F
:1023A00002880A43028070470146888E70470146C2
:1023B000088F70470146888F70470146B1F840008A
:1023C00070470146888C70470146088D7047024669
:1023D0000020138A0B400BB1012000E00020704761
:1023E000CA430282704730B5024600200023002411
:1023F000158A05EA0103958905EA010413B10CB1B8
:10240000012000E0002030BDCA4302827047000076
:1024100010B50446D749601A8C422BD006DCD6484A
:10242000204498B1B0F5806F38D119E0B0F5806FD5
:102430002AD0B0F56C4F31D101218803FFF7BAF9EA
:1024400000214FF48040FFF7B5F928E0012148044E
:10245000FFF7BDF900214FF40030FFF7B8F91EE097
:1024600001218804FFF7B3F900214FF48020FFF722
:10247000AEF914E00121C804FFF7A9F900214FF4D7
:102480000020FFF7A4F90AE001210805FFF79FF9F2
:1024900000214FF48010FFF79AF900E000BF00BF61
:1024A00010BD2DE9F04786B005460E460024A24631
:1024B00000BF00BF00272F462C8A4CF6FF70044057
:1024C000F08804432C82AC894EF6F3100440B088A7
:1024D00031890843718908430443AC81AC8A4FF6C3
:1024E000FF400440B0890443AC8201A8FFF7DBF849
:1024F000A248874202D1DDF810A001E0DDF80CA06F
:102500000AEBCA0000EB0A1031688900B0FBF1F851
:102510006420B8FBF0F004012009642101FB10895C
:10252000322000EB0910B0FBF1F000F00F00044383
:102530002C8106B0BDE8F0874FF4165101600021F0
:102540008180C18001810C214181002181817047FE
:1025500010B502460020108A4FF2FF0318400B8886
:102560004C8823438C882343CC8823431843108210
:1025700010BD0021018041808180C180704721B160
:10258000828942F40052828104E082894DF6FF7311
:102590001A4082817047F0B50346002400260025CA
:1025A00000201846C1F3421401F01F06012707FA64
:1025B00006F5012C01D10C3004E0022C01D11030C1
:1025C00000E014301AB107682F43076002E0076883
:1025D000AF430760F0BD1AB1838A0B43838202E0E8
:1025E000838A8B4383827047028A4FF6F0731A40C6
:1025F0000282028A0A430282704782894FF2FF7385
:102600001A40828182890A438281704721B182897E
:1026100042F00202828104E082894FF6FD731A4083
:1026200082817047028A4FF6DF731A400282028A63
:102630000A430282704721B1028A42F48042028238
:1026400004E0028A4BF6FF731A4002827047C1F31E
:1026500008028280704701468888C0F308007047EE
:10266000818941F0010181817047028BD2B20283DE
:10267000028B42EA012202837047028B02F47F42FE
:102680000283028B0A430283704721B1828A42F09F
:102690002002828204E0828A4FF6DF731A4082822F
:1026A000704721B1828A42F01002828204E0828A5D
:1026B0004FF6EF731A408282704721B1828A42F04E
:1026C0000802828204E0828A4FF6F7731A408282FF
:1026D0007047828A4FF6FB731A408282828A0A43CD
:1026E0008282704721B1828A42F00202828204E033
:1026F000828A4FF6FD731A4082827047024600209C
:1027000013880B400BB1012000E000207047CA4342
:102710000280704770B502460B4600240021002558
:102720000020C3F3421503F01F01012606FA01F150
:10273000012D02D19689314006E0022D02D1168A80
:10274000314001E0968A31401C12012606FA04F459
:102750001688344011B10CB1012000E0002070BD9A
:1027600010B5002200230A1201249440A3B2DC43D6
:10277000048010BD004C004000BCFFBF0038014089
:1027800031490143314A1160704770B5002100237F
:102790000F22C47804B32D4C246804F4E064C4F51B
:1027A000E064210AC1F10403CA40447804FA03F149
:1027B0008478144021430901254C0678A1550478FA
:1027C00004F01F050124AC4005786D11AD0005F142
:1027D000E025C5F8004109E0047804F01F05012454
:1027E000AC401C4D0678761145F8264070BD1A4A5B
:1027F0000A400243154B1B1F1A60704739B1134A38
:10280000121D12680243114B1B1D1A6006E00F4A8D
:10281000121D126882430D4B1B1D1A60704704285D
:1028200008D14FF0E021096941F004014FF0E022A6
:10283000116107E04FF0E021096921F004014FF038
:10284000E0221161704700000000FA050CED00E085
:1028500000E400E080E100E080FFFF1F016821F05C
:10286000010101600021016041608160C160874A0F
:10287000811A90425BD012DC854AA0EB02019042A3
:102880003AD007DC83490144D9B1142922D0282940
:102890007AD128E0142938D0282975D13EE0B1F545
:1028A0006C7F5BD006DCB1F5627F49D0B1F5677F04
:1028B0006AD14CE0B1F5717F57D0B1F5767F63D125
:1028C0005BE073494439496841F00F01704A443A6A
:1028D00051605AE06E494439496841F0F0016C4A50
:1028E000443A516051E06A494439496841F47061A1
:1028F000674A443A516048E065494439496841F4BF
:102900007041634A443A51603FE061494439496843
:1029100041F470215E4A443A516036E05C494439E2
:10292000496841F470015A4A443A51602DE05849CF
:102930004439496841F07061554A443A516024E095
:102940005549096841F00F01534A11601DE0524991
:10295000096841F0F001504A116016E04E490968DB
:1029600041F470614C4A11600FE04B49096841F431
:102970007041494A116008E006E04749096841F49E
:102980007021454A116000E000BF00BF704710B5DC
:102990000022026847F6F0739A430C6A8B6823435F
:1029A0000C6923434C6923438C692343CC6923433B
:1029B0004C6A23438C6A23431A430260CB6843600A
:1029C0000B6883604B68C36010BD002101604160EB
:1029D0008160C160016141618161C16101624162E7
:1029E0008162704721B1026842F00102026003E097
:1029F000026822F00102026070471AB103680B43BB
:102A0000036002E003688B43036070470146486837
:102A100080B2704701460020002201F080531BB1B4
:102A20001D4B1B1F1A6802E0194B443B1A6802EA4F
:102A300001030BB1012000E00020704700F080513D
:102A400011B11549086002E01149443948607047E6
:102A500001460020002201F080531BB10E4B1B1FCA
:102A60001A6802E00A4B443B1A6802EA01030BB100
:102A7000012000E00020704700F0805111B10649AC
:102A8000086002E002494439486070478000024013
:102A900044000240F8FFFDBF0404024010B50120CD
:102AA000FEF7A2FE0020FEF79FFE10BD234908603E
:102AB00070472249091F0860704720498431086027
:102AC0007047014600201E4A10884FF67F42104092
:102AD00008431B4A1080704701460020184A10889E
:102AE0004FF6807210400843154A10807047154A0F
:102AF0000244A2F8001C7047014612480844B0F88E
:102B0000000C70470D489C300068C0B270470C48FC
:102B10000830008840F001000949083108807047FA
:102B20000648A0300068C0B27047054808300088E9
:102B300040F00200024908310880704704860D42C7
:102B40002C6C00400060004010B501210807FEF722
:102B50003EFE00214FF08050FEF739FE10BD2749A0
:102B60000862704725490861704701460020244AE1
:102B7000106820F0E0000843106070471F49A03142
:102B80000860704710B5024600201D4B186820F001
:102B90000300104318601B4B1B6843F00403194CDF
:102BA0002360012901D130BF00E020BF10BD1448CF
:102BB000006840F00400124908600846006840F0D0
:102BC000020008600F48006840F004000D490860EA
:102BD00000BF00BF30BF704701460020084A52685E
:102BE0000A400AB1012000E000207047044909684A
:102BF00041EA8001024A11607047000000000E4265
:102C00000070004010ED00E029B1504A12880243E4
:102C10004E4B1A8004E04D4A128882434B4B1A8077
:102C200070474A48001D008840F010004749091DC0
:102C3000088070474548001D00884FF6EF71084036
:102C40004249091D08807047002140481C30018816
:102C5000001F008841EA0040704700B50246FFF7B8
:102C6000E0FF100C394918310880091D0A80FFF770
:102C7000E1FF00BD00B50246FFF7D3FFC2F30340FA
:102C8000324908310880091D0A80FFF7D3FF00BDD3
:102C900000B50246FFF7C5FF100C2C492031088013
:102CA000091D0A80FFF7C6FF00BD0020274910312B
:102CB00009880907080B254914310988084370471A
:102CC00000BF2248001D008800F020000028F8D036
:102CD00070471E48001D00884FF6F77108401B49D9
:102CE000091D088000BF1948001D008800F0080079
:102CF0000028F8D0704701460020144A121D12889F
:102D00000A400AB1012000E0002070470F49091D68
:102D1000098881430D4A121D118070470146002029
:102D20000A4A121D12880A40D0B2084A12880A4084
:102D300012B108B1012000E0002070470349091DCD
:102D400009888143014A121D118070470028004004
:102D50000CB50020019000904748006840F4803096
:102D60004549086000BF4448006800F40030009006
:102D70000198401C0190009818B90198B0F5A06F17
:102D8000F1D13D48006800F4003010B101200090FE
:102D900001E0002000900098012844D137480068E5
:102DA00040F01000354908600846006820F0030034
:102DB00008600846006840F0020008602E4840683D
:102DC0002D4948600846406848600846406840F41D
:102DD000806048600846406820F47C1048600846DF
:102DE000406840F4E81048600846006840F0807091
:102DF000086000BF2048006800F000700028F9D08B
:102E00001D48406820F003001B49486008464068A0
:102E100040F00200486000BF1748406800F00C0016
:102E20000828F9D101E000BFFEE70CBD10B5FFF79F
:102E30008FFF10BD10B51048006840F001000E492A
:102E40000860084640680E4908400B49486008463B
:102E500000680C490840084908600846006820F4EA
:102E6000802008600846406820F4FE00486000208A
:102E70008860FFF7DBFF10BD001002400020024019
:102E80000000FFF8FFFFF6FE00F1080141604FF07F
:102E9000FF31816000F10801C16001610021016022
:102EA000704700210161704742684A6093688B60F7
:102EB000936859609160086103685B1C0360704708
:102EC00010B502460B685C1C0CB9106907E002F1F2
:102ED000080000E04068446824689C42FAD94468CD
:102EE0004C604C68A160886041600A611468641C91
:102EF000146010BD01460A69D1E901309860D1E93A
:102F0000010358605068884201D1886850600020F1
:102F100008611068401E1060106870472DE9F0418C
:102F200005460E4601272C46002C41D0E06B0028B8
:102F30003ED0B91EE06BB1FBF0F0216C884237D374
:102F400003F0E4FCD4E90F12206801FB0200A0604A
:102F50000020A06320686060E06B401E226C216846
:102F600000FB0211E160FF2084F8440084F8450072
:102F70009EB9206908B9012000E00020A8B904F139
:102F8000100002F057FA80B14FF08050F749086006
:102F9000BFF34F8FBFF36F8F07E004F11000FFF70F
:102FA00073FF04F12400FFF76FFF03F0BEFC00E0A5
:102FB00000273846BDE8F0812DE9F04106460D4670
:102FC00017469846069C0DB9246000E02760E6632A
:102FD000256401212046FFF7A1FF84F850800020DE
:102FE000A064BDE8F0812DE9F84304460E4617467B
:102FF0000025DCB1681EB0FBF4F0B04216D304FB30
:1030000006F010F1550F11D804FB06F909F1540030
:1030100003F00AFB05464DB1A84608F154083B46AB
:103020004246314620460095FFF7C6FF2846BDE8D8
:10303000F8832DE9F04104460F4615464FF000088D
:10304000A66B206C48B9206800282CD1A06802F03B
:10305000C7FB80460020A06025E07DB93946226C80
:10306000606804F0E6FB216C606808446060D4E9A5
:103070000101884217D32068606014E03946226C51
:10308000E06804F0D6FB216CE068411AE160216839
:10309000E068884203D2216CA068411AE160022DE9
:1030A00001D106B1761E701CA0634046BDE8F081D8
:1030B000F1B50098846C0026A06BE16B884222D2A7
:1030C00094F94550002269462046FFF7B2FF0646B4
:1030D000681C60B9606A08B9012000E0002088B966
:1030E00004F1240002F0A6F960B101260AE000BF55
:1030F00002F02AF80746BD4203D2681C40B284F8A9
:10310000450000BF00BF3046F8BD70B5044603F06F
:10311000FDFB94F9455019E0A06C30B12046FFF753
:10312000C7FF88B102F0ADFA0EE0606A08B901206D
:1031300000E0002038B904F1240002F07BF918B156
:1031400002F09FFA00E003E0681E45B2002DE3DCC8
:1031500000BFFF2084F8450003F0E7FB03F0D6FB37
:1031600094F9445010E0206908B9012000E00020E3
:1031700048B904F1100002F05DF908B102F081FADB
:10318000681E45B200E001E0002DECDC00BFFF202E
:1031900084F8440003F0C9FB70BD70B5054603F028
:1031A000B5FBA86BE96B884201D1012400E0002443
:1031B00003F0BBFB204670BD2DE9FF4782B00746F8
:1031C00088461D464FF000093C4600BF03F09EFBB9
:1031D000A06BE16B884201D3022D3ED1D4F838A018
:1031E0002A4641462046FFF724FF0646A06C88B1D8
:1031F000022D02D1BAF1000F29D12046FFF758FF66
:1032000028B34FF0805059490860BFF34F8FBFF388
:103210006F8F1CE0606A08B9012000E0002068B9E7
:1032200004F1240002F006F988B14FF080504F49B4
:103230000860BFF34F8FBFF36F8F08E03EB14FF0D0
:1032400080504A490860BFF34F8FBFF36F8F03F080
:103250006CFB012006B0BDE8F087049818B903F0B4
:1032600064FB0020F6E7B9F1000F04D1684602F0D4
:10327000D5F94FF0010903F058FB01F082FB03F090
:1032800045FB94F94400401C10B9002084F8440028
:1032900094F94500401C10B9002084F8450003F063
:1032A00044FB04A9684602F0C0F9F8B92046FFF7CC
:1032B00074FFA8B104F11000049902F03BF8204615
:1032C000FFF723FF01F02FFA00287FF47FAF4FF0C4
:1032D000805026490860BFF34F8FBFF36F8F75E7AB
:1032E0002046FFF712FF01F01EFA6FE72046FFF7B6
:1032F0000CFF01F018FA0020ACE710B5044654B1F9
:103300000020A06020600021E16000231A461946D9
:103310002046FFF751FF10BD2DE9F041044601267C
:103320000027224600210120FFF75DFE05462846C2
:10333000FFF7E3FF2846BDE8F08170B505462C464F
:1033400002F0BFF9A16888420CD1E068401EE0603D
:10335000E06828B900231A4619462046FFF72CFFDB
:10336000012600E00026304670BD000004ED00E0BC
:1033700001464A6A22B10A6B1268C2F1200000E0DD
:103380000020704770B5054603F0C0FAA86B08B975
:10339000012400E0002403F0C8FA204670BD2DE9A6
:1033A000F34182B0054600272C46B84600BF03F023
:1033B000ADFAA66BFEB1701EA063206810B902F0D2
:1033C000ECFAA060206908B9012000E0002060B993
:1033D00004F1100002F02EF838B14FF08050FC4993
:1033E0000860BFF34F8FBFF36F8F03F09EFA012089
:1033F00004B0BDE8F081039818B903F096FA0020F4
:10340000F6E71FB9684602F009F9012703F08DFAC3
:1034100001F0B7FA03F07AFA94F94400401C10B9AD
:10342000002084F8440094F94500401C10B90020A5
:1034300084F8450003F079FA03A9684602F0F5F82C
:1034400040BB2046FFF79EFFF0B1206838B903F07B
:103450005DFAA06802F051F9804603F066FA04F1C3
:103460002400039901F066FF2046FFF74EFE01F0AD
:103470005AF900289BD14FF08050D5490860BFF31E
:103480004F8FBFF36F8F92E72046FFF73EFE01F0AC
:103490004AF98CE72046FFF738FE01F044F9204650
:1034A000FFF770FF002882D0B8F1000F0BD003F0B7
:1034B0002DFA2046FFF75CFF06463146A06802F071
:1034C000F7F903F032FA002092E72DE9F0410646C1
:1034D0000F46344602F0F5F8A168884204D1E0684E
:1034E000401CE060012508E039462046FFF757FF01
:1034F000054615B1E068401CE0602846BDE8F08153
:1035000070B504460E4600254CB1A64207D80222EB
:1035100000212046FFF767FD054605B1AE6328464A
:1035200070BD2DE9FF4F81B0064615461F46344653
:1035300000BF5021EFF3118081F31188BFF34F8F4B
:10354000BFF36F8F00BF8146A06BE16B884201D350
:10355000022F37D194F945A0A06B00903A4620463F
:103560000299FFF766FD0AF10100E0B9A06C58B1BD
:10357000022F01D1009810BB2046FFF799FDF0B152
:10358000EDB1012028601AE0606A08B9012000E06E
:103590000020A0B904F1240001F04CFF78B175B10E
:1035A000012028600BE000BF01F0CEFD8346DA4524
:1035B00004D20AF1010040B284F8450000BF4FF088
:1035C000010801E04FF0000800BF89F3118800BF37
:1035D000404605B0BDE8F08F2DE9F05F06460D4688
:1035E000344600BF5021EFF3118081F31188BFF3FF
:1035F0004F8FBFF36F8F00BF8046D4F838A0E06BC9
:1036000050452ED994F945900AF10100A06309F1C3
:103610000100C0B9A06C38B12046FFF749FDF0B1F8
:10362000EDB1012028601AE0606A08B9012000E0CD
:103630000020A0B904F1240001F0FCFE78B175B1BE
:10364000012028600BE000BF01F07EFD8346D945D4
:1036500004D209F1010040B284F8450000BF0127FF
:1036600000E0002700BF88F3118800BF3846BDE89E
:10367000F09F70B504460D46206C70B1216CE06877
:103680000144E160D4E90210884201D32168E1607D
:103690002846226CE16804F0CCF870BD2DE9F741B2
:1036A00083B005460F464FF000082C4600BF03F0DC
:1036B0002DF9A66BF6B139462046FFF7DAFF701EEA
:1036C000A063206908B9012000E0002060B904F17E
:1036D000100001F0AFFE38B14FF080503C49086057
:1036E000BFF34F8FBFF36F8F03F01FF9012006B0B8
:1036F000BDE8F081059818B903F017F90020F6E746
:10370000B8F1000F04D101A801F088FF4FF00108C3
:1037100003F00BF901F035F903F0F8F894F94400DF
:10372000401C10B9002084F8440094F94500401C66
:1037300010B9002084F8450003F0F7F805A901A8A6
:1037400001F073FFF0B92046FFF71CFEA0B104F1B1
:103750002400059901F0EEFD2046FFF7D6FC00F0AD
:10376000E2FF0028A3D14FF0805019490860BFF351
:103770004F8FBFF36F8F9AE72046FFF7C6FC00F02C
:10378000D2FF94E72046FFF7C0FC00F0CCFF2046B4
:10379000FFF7F8FD00288AD00020A8E72DE9F743BD
:1037A00082B005460F464FF000082C4600BF03F0DC
:1037B000ADF8D4F83890B9F1000F20D0E66839465A
:1037C0002046FFF756FFE660606A18B9012002E064
:1037D00004ED00E0002060B904F1240001F02AFEAD
:1037E00038B14FF08050E6490860BFF34F8FBFF308
:1037F0006F8F03F09AF8012005B0BDE8F0830498BC
:1038000018B903F092F80020F6E7B8F1000F04D1E0
:10381000684601F003FF4FF0010803F086F801F05D
:10382000B0F803F073F894F94400401C10B900207C
:1038300084F8440094F94500401C10B9002084F835
:10384000450003F072F804A9684601F0EEFEF0B9F5
:103850002046FFF797FDA0B104F12400049901F080
:1038600069FD2046FFF751FC00F05DFF00289ED166
:103870004FF08050C2490860BFF34F8FBFF36F8F86
:1038800095E72046FFF741FC00F04DFF8FE720460B
:10389000FFF73BFC00F047FF2046FFF773FD0028D1
:1038A00085D00020A8E72DE9F74F054616462C469F
:1038B00000BF5021EFF3118081F31188BFF34F8FC8
:1038C000BFF36F8F00BF8046D4F838A0BAF1000F65
:1038D00028D094F9449020460199FFF7CAFEAAF136
:1038E0000100A06309F1010070B9206908B9012045
:1038F00000E00020A0B904F1100001F09BFD78B1B8
:1039000076B1012030600BE000BF01F01DFC834662
:10391000D94504D209F1010040B284F8440000BF47
:10392000012700E0002700BF88F3118800BF384658
:10393000BDE8FE8F2DE9F047054689462C4600BFBD
:103940005021EFF3118081F31188BFF34F8FBFF344
:103950006F8F00BF0746A06B48B1D4F80C80494672
:103960002046FFF786FEC4F80C80012600E0002602
:1039700000BF87F3118800BF3046BDE8F08770B5FF
:10398000044602F0C3FFA56B02F0CFFF284670BDCE
:1039900070B50446254602F0B9FFD5E90E10461A67
:1039A00002F0C3FF304670BD01460A46906B704777
:1039B000014600200EE0734A02EBC00252688A42C0
:1039C00007D100226F4B43F8302003EBC0035A604D
:1039D00002E0401C0A28EED300BF704770B50446D1
:1039E00025462846FFF7E4FF284602F0C2FE70BDD8
:1039F0000146C86C7047C1647047014691F8500099
:103A000070470146086C70470146C86B7047014615
:103A10000A46936B0BB9012000E00020704710B5F7
:103A200001460A46936BD46BA34201D1012000E00A
:103A3000002010BD10B502460B460021BBB100208E
:103A400012E0504C04EBC0046468944203D14D4C26
:103A500004EBC0010AE031B94A4C54F8304014B9C3
:103A6000484C04EBC001401C0A28EAD300BF09B14E
:103A70000B604A6010BD0246002000210AE0414B65
:103A800003EBC1035B68934203D13E4B53F8310013
:103A900002E0491C0A29F2D300BF70472DE9F0412A
:103AA00005460E4617462C4602F030FF94F94400B6
:103AB000401C10B9002084F8440094F94500401CD3
:103AC00010B9002084F8450002F02FFFA06B28B940
:103AD0003A46314604F1240001F061FC2046FFF72C
:103AE00014FBBDE8F08170B5044600220421204695
:103AF000FFF779FA0546284670BD70B504460E46B4
:103B000002F004FFA06C08B1002505E0A06B08B12D
:103B1000002501E0A664012502F007FF284670BDDC
:103B20002DE9F04105460F462E46B06CB84201D053
:103B300000240AE0B06B08B1002406E002F0E6FEC3
:103B40000020B06402F0F1FE01242046BDE8F081BF
:103B500038B505460C4600200090224669462846A6
:103B6000FFF79CFD009838BD38B504460020009052
:103B7000002269462046FFF796FE009838BD0000F7
:103B800004ED00E0700300202DE9F04704460D46E7
:103B900016461F46DDE9099ADDF8208028212046D7
:103BA00003F060FEA561A660E76084F81C80002039
:103BB0006062BDE8F0872DE9FE4F04460F4690464F
:103BC0009946DDF830A0B8F1010F01D1012605E0DA
:103BD000B8F1020F01D1042600E0002607B9012741
:103BE00004F12900844206D2641C04F1280002F08A
:103BF0001BFD054600E0002545B13B46224605F188
:103C0000280128468DE84006FFF7BEFF2846BDE89C
:103C1000FE8F70B504462546287F00F0020018B9D3
:103C2000284602F0A6FD03E02821284603F01AFEEC
:103C300070BD2DE9FE4305462C4600260027B04600
:103C4000D4F8209002F062FE206968B9606958B922
:103C5000207F8DE881012046D4E90223A169FFF786
:103C600093FFC4F82090012602F05FFE3046BDE8C5
:103C7000FE832DE9FE4F05462C460027B846B9467F
:103C8000D4F820A000BF5021EFF3118081F31188F8
:103C9000BFF34F8FBFF36F8F00BF0646206968B92F
:103CA000606958B9207F8DE801032046D4E90223DA
:103CB000A169FFF769FFC4F820A0012700BF86F3C0
:103CC000118800BF3846BDE8FE8F10B50246134686
:103CD00001B901219C688C4202D9D960012000E021
:103CE000002010BD30B50246114600BF0B680D68BC
:103CF0008C6860194C68001B0C689C42F6D1401E11
:103D00008C68844201D88C68001B30BD0146D1E923
:103D10000132D0180A68801A8A68824201D88A68FB
:103D2000801A704770B5044625462846FFF7EEFF17
:103D30000646304670BD2DE9F041054688461646D8
:103D40001C46A868001BB04202D2A868001B00E015
:103D500030460746A96908193A46414603F069FD0D
:103D6000BE4205D9F21B08EB0701A86903F061FD0B
:103D70003444A868A04201D8A868241A2046BDE8A7
:103D8000F0812DE9F84305460F4614461E46DDF83E
:103D90002090D5F80480287F00F0010060B10094E5
:103DA0004E4507D34346042269462846FFF7C3FF22
:103DB000804607E0002405E0B44201D2204600E03E
:103DC0003046044634B14346224639462846FFF77A
:103DD000B2FF68602046BDE8F8832DE9FF4F83B04D
:103DE00006468B46924634464FF000085546C1467B
:103DF000A068A0F10109207F00F0010028B12D1D6D
:103E00004D4505D90020069002E04D4500D94D46AC
:103E1000069848B301A801F0F4FB00BF02F076FD5C
:103E20002046FFF75FFF8046A84507D20020616A61
:103E300002F0B5F801F045FC606102E002F075FDAA
:103E400011E002F072FD0698009000231A46194610
:103E5000606A01F0FBFD0020606106A901A801F085
:103E6000E4FB0028DAD000BFB8F1000F03D12046F0
:103E7000FFF738FF80464346524659462046009594
:103E8000FFF77FFF0746AFB12046FFF73FFFE1682E
:103E900088420FD300F075FD206948B100200090E2
:103EA000616A206900231A4601F033FE0020206178
:103EB00000F039FC384607B0BDE8F08F2DE9FE4F21
:103EC00005468B46904699462C46C246207F00F018
:103ED000010008B10AF1040A2046FFF703FF02902F
:103EE000CDF800A0424659462046029BFFF749FF05
:103EF000064626B32046FFF709FFE16888421ED335
:103F000000BF00BF5021EFF3118081F31188BFF390
:103F10004F8FBFF36F8F00BF0746206950B100205D
:103F2000CDE90009616A206900231A4601F096FE76
:103F30000020206100BF87F3118800BF00BF30461A
:103F4000BDE8FE8F2DE9F0410546884616461C4621
:103F5000A868001BB04202D2A868001B00E03046EF
:103F60000746A86901193A46404603F062FCBE4282
:103F700005D9F21B08EB0700A96903F05AFC344489
:103F8000A868A04201D8A868241A2046BDE8F0819C
:103F90002DE9F84F0446894616461F46D4F800A07E
:103FA000207F00F0010060B153460422694620469C
:103FB000FFF7C8FF8246009D3F1FB54202D900258A
:103FC00000E03546BD4201D2284600E03846804632
:103FD000B8F1000F06D05346424649462046FFF747
:103FE000B1FF20604046BDE8F88F2DE9F84F054647
:103FF0008A46934698462C464FF00009207F00F0F1
:10400000010008B1042706E0207F00F0040008B199
:10401000E76800E00027B8F1000F21D002F076FC3D
:104020002046FFF773FE0646BE4206D80020616AAE
:1040300001F0B5FF01F045FB206102F076FCBE42C5
:1040400012D8CDF8008000231A461946606A01F0A4
:10405000FDFC002020612046FFF758FE064603E0E5
:104060002046FFF753FE0646BE421BD933465A464A
:1040700051462046FFF78CFF8146B9F1000F11D061
:1040800000BF00F07EFC686948B100200090696ABA
:10409000686900231A4601F03CFD0020686100F0C9
:1040A00042FB00BF4846BDE8F88FF8B505462E46EE
:1040B000307F00F0010078B13046FFF727FE074659
:1040C000042F07D93368042269463046FFF73AFFC8
:1040D000009C02E0002400E000242046F8BD2DE909
:1040E000FF4F83B006468B46994634464FF0000A90
:1040F000207F00F0010008B1042700E000272046DF
:10410000FFF704FE0546BD4228D92B4659462046F6
:10411000059AFFF73DFF8246BAF1000F1ED000BF9F
:1041200000BF5021EFF3118081F31188BFF34F8F4F
:10413000BFF36F8F00BF8046606950B10020CDE9AA
:104140000009616A606900231A4601F087FD0020BA
:10415000606100BF88F3118800BF00BF504607B000
:10416000BDE8F08F10B501460A46136854689C42BA
:1041700001D1012000E0002010BDF0B50446274623
:10418000387F00F0010008B1042600E00026204638
:10419000FFF7A8FDB04201D8012500E00025284620
:1041A000F0BD2DE9FC41054688462C4600BF502154
:1041B000EFF3118081F31188BFF34F8FBFF36F8F3F
:1041C00000BF0746206960B10020CDE90008616AA0
:1041D000206900231A4601F041FD002020610126DC
:1041E00000E0002600BF87F3118800BF3046BDE81D
:1041F000FC812DE9FC41054688462C4600BF502134
:10420000EFF3118081F31188BFF34F8FBFF36F8FEE
:1042100000BF0746606960B10020CDE90008616A0F
:10422000606900231A4601F019FD00206061012633
:1042300000E0002600BF87F3118800BF3046BDE8CC
:10424000FC8101460A46506A704702465162704737
:104250000146086A7047016270470146087F00F016
:104260000100704700BF502080F31188BFF34F8FCB
:10427000BFF36F8F00BF00BFFEE72DE9F05F8146FF
:104280000E4690469A460A9F0C9C4FEA8801A5224A
:10429000206B03F0E0FAA8F10100216B01EB800B29
:1042A0002BF0070B7EB1002507E0715D04F13400AF
:1042B0004155705D00B902E06D1C102DF5D300BFB3
:1042C000002143200155202F00D31F27E762E76418
:1042D000201DFEF7E6FD04F11800FEF7E2FD246163
:1042E000C7F12000A061646252464946584602F078
:1042F000DEFA20600B9808B10B980460BDE8F09FCF
:104300002DE9FF5F0746884616469946DDE90EAB64
:10431000B00002F089F9054675B15C2002F084F91D
:1043200004462CB15C21204603F09CFA256304E08E
:10433000284602F01EFA00E0002454B100204B464B
:1043400032464146CDE900ABCDE902403846FFF7A1
:1043500094FF204604B0BDE8F09F10B5002407E0AC
:1043600004EB8401FA4A02EB8100FEF78DFD641C28
:10437000202CF5D3F748FEF787FDF748FEF784FDBC
:10438000F648FEF781FDF648FEF77EFDF548FEF79C
:104390007BFDF048F4490860EF48F449086010BD1F
:1043A00010B5044602F0B2FAF1480068401CF0492A
:1043B0000860F048006840B9EE48046008460068AC
:1043C00001280DD1FFF7C9FF0AE0EB48006838B9B2
:1043D000E8480068C06AE16A884201D8E54804609C
:1043E000E6480068401CE5490860084600686064CB
:1043F00000BF94F82C1001208840E1490968084367
:10440000DF49086000BFE16A01EB8101D04A02EB9D
:1044100081014868A0608268E260211D8268516065
:104420008160E16A01EB8101C94A02EB81026261AC
:10443000E16A01EB8101C64A52F82110491CE26A87
:1044400002EB8202C24B43F8221000BF00BF02F011
:104450006CFAC948006878B100BFC6480068C06AF5
:10446000E16A884207D24FF08050C6490860BFF326
:104470004F8FBFF36F8F00BF10BD2DE9FC5F064665
:104480000F4690469946DDE90CAB4B46424639460D
:104490003046CDE900ABFFF733FF054625B128468E
:1044A000FFF77EFF012401E04FF0FF342046BDE816
:1044B000FC9F10B50446206B02F05BF9204602F029
:1044C00058F910BDA8480068006808B9012000E04C
:1044D000002020B14FF0FF30AB49086005E0A24852
:1044E0000068C0680068A849086070472DE9F0417D
:1044F0000546002602F00AFA15B99E48006800E059
:1045000028460446201DFEF7F5FC88B900BFE06A86
:1045100000EB80008E4951F8200040B994F82C102F
:10452000012088409649096881439548016000BF91
:10453000A06A18B104F11800FEF7DCFC8F4800688F
:10454000401C8E4908608B480068844201D10120DC
:1045500000E0002007468848006858B157B1211D87
:104560007F48FEF7A1FC89480068401C8749086025
:10457000012606E07E480068401E7D490860FFF77E
:10458000A1FF02F0D2F9012E02D02046FFF791FFE1
:104590007948006858B177480068844207D14FF0E5
:1045A000805078490860BFF34F8FBFF36F8FBDE82D
:1045B000F0812DE9F04100277548006800287DD181
:1045C00074480068451C7348056095B900BF66488B
:1045D000D0F8008065480068634908606348C0F807
:1045E00000806D480068401C6B490860FFF76AFF57
:1045F00000BF6548006885427DD300BF5A48006807
:10460000006808B9012000E0002020B14FF0FF3021
:104610005D4908606EE054480068C068C468666818
:10462000B54202D25848066064E000BF6069D4E930
:1046300002128A60D4E902214A60211D42688A423E
:1046400001D1E1684160002262610168491E016098
:1046500000BFA06AA0B100BFA06AD4E907128A60B7
:10466000D4E907214A6004F1180142688A4201D165
:10467000216A41600022A2620168491E016000BFF8
:1046800000BF94F82C10012088403D490968084378
:104690003B49086000BFE16A01EB81012C4A02EB53
:1046A00081014868A0608268E260211D82685160D3
:1046B0008160E16A01EB8101254A00E02BE002EB19
:1046C00081026261E16A01EB8101214A52F8211005
:1046D000491CE26A02EB82021D4B43F8221000BF24
:1046E00000BF2449E06A0968C96A884286D901275F
:1046F00084E700E000BF1F480068C06A00EB80004C
:10470000134951F82000012800D9012723480068E7
:1047100000B1012704E022480068401C20490860DD
:104720003846BDE8F0812DE9F0410024002702F071
:10473000EDF8002516480068401E15490860084637
:10474000006800287ED10A48006800287AD090E0EE
:10475000C003002040060020540600206806002008
:104760007C060020900600204C0100205001002013
:10477000580100204801002064010020740100203D
:104780006001002004ED00E07801002054010020C9
:10479000840100205C010020700100206C010020D9
:1047A00068010020FC48C068C46800BFA06AD4E962
:1047B00007128A60D4E907214A6004F118014268AF
:1047C0008A4201D1216A41600022A2620168491E29
:1047D000016000BF00BF6069D4E902128A60D4E9B9
:1047E00002214A60211D42688A4201D1E16841608C
:1047F000002262610168491E016000BF00BF94F899
:104800002C1001208840E54909680843E349086005
:1048100000BFE16A01EB8101E14A02EB81014868D6
:10482000A0608268E260211D826851608160E16A57
:1048300001EB8101DA4A02EB81026261E16A01EB7C
:10484000810100E041E0D64A52F82110491CE26A99
:1048500002EB8202D24B43F8221000BF00BFD149C5
:10486000E06A0968C96A884203D90120CE4941F843
:104870002500C948006808B9012000E00020002890
:1048800090D00CB1FFF71EFEC84806686EB100BF9D
:10489000FFF78FFE18B10120C34941F82500761EAD
:1048A000002EF5D10020C1490860BF4850F825000E
:1048B00058B1012700BFBB4800683807BC490860F1
:1048C000BFF34F8FBFF36F8F00BF02F02EF8384653
:1048D000BDE8F0812DE9F04705460E46B54807686A
:1048E000B548D0F80080B548D0F80090AD480068D1
:1048F000001DFEF7FFFA50B9AA48006890F82C1086
:1049000001208840A54909688143A4480160681CCA
:10491000E0B9DEB100BFAA494868A24909688860C9
:10492000A04982680968CA609E490968091D8268B1
:1049300051609C490968091D8160A14A994909682B
:104940004A6111460968491C116018E07C199548B4
:1049500000684460BC4206D292480168091D48467E
:10496000FEF7AEFA0BE08F480168091D4046FEF7DE
:10497000A7FA94480068844201D292480460BDE8D6
:10498000F08791480068401C8F49086070472DE906
:10499000F047044688464FF00009FFF7F2FF8548CC
:1049A0000668206800EB08052068B04207D9206837
:1049B000A8420BD9B54209D94FF0010906E0206899
:1049C000A84201D8B54201D94FF001092560B9F1DB
:1049D000000F03D0A81B0021FFF77CFFFFF7A3FE09
:1049E00007463FB94FF0805071490860BFF34F8FC1
:1049F000BFF36F8F4846BDE8F08770B504460025C9
:104A000044B1FFF7BEFF00212046FFF763FFFFF729
:104A10008AFE05463DB94FF0805065490860BFF3F6
:104A20004F8FBFF36F8F70BD2DE9F04707463E46AD
:104A30005C480068864201D1002434E001F066FF42
:104A40007569D6F828805C48D0F800905B48D0F8AB
:104A500000A001F06AFF5048804501D1012422E006
:104A60004D4501D0554501D102241CE054488542F2
:104A700012D1B06A70B90324002007E006F1580192
:104A8000095C012901D1022402E0401C0128F5DB68
:104A900000BF08E0022406E04C48854200D00DB972
:104AA000042400E001242046BDE8F08770B50446E8
:104AB00001F02CFF14B93B48006800E02046064690
:104AC000F56A01F032FF284670BD70B5024600BF9E
:104AD0005025EFF3118485F31188BFF34F8FBFF397
:104AE0006F8F00BF214612B92E4C246800E0144697
:104AF0002346D86A00BF81F3118800BF70BD70B52E
:104B0000044601F003FF14B92648006800E020467F
:104B10000646F56C01F009FF284670BD70B50246E7
:104B200000BF5025EFF3118485F31188BFF34F8F39
:104B3000BFF36F8F00BF214612B91A4C246800E002
:104B400014462346D86C00BF81F3118800BF70BDA6
:104B50002DE9F04780460D464FF00009202D00D387
:104B60001F2501F0D3FEB8F1000F02D10D480068F7
:104B700000E040460446E66CAE427DD0B54227D9FF
:104B80000848006884422DD006480068C06AA842E0
:104B900028D24FF0010925E06806002060010020BE
:104BA000C0030020480100206C01002068010020A3
:104BB00004ED00E05C0100204C01002050010020C9
:104BC0009006002078010020840100207C0600204F
:104BD000FB480068844201D1012000E00020012848
:104BE00000D18146E76AE16AE06C884202D0E06A5F
:104BF000A84200D2E562E564A06900F0004010B967
:104C0000C5F12000A06107EB8701EE4A02EB8101AC
:104C10006069884201D1012000E0002068B3201DB6
:104C2000FEF768F930B90120B840E74909688143C7
:104C3000E548016000BF94F82C1001208840E2494B
:104C400009680843E049086000BFE16A01EB81019F
:104C5000DC4A02EB81014868A0608268E260211DA5
:104C6000826851608160E16A01EB8101D54A02EB03
:104C700081026261E16A01E01CE00DE001EB81016B
:104C8000D04A52F82110491CE26A02EB8202CD4B55
:104C900043F8221000BF00BFB9F1000F09D000BFD8
:104CA0004FF08050C9490860BFF34F8FBFF36F8F3B
:104CB00000BF00BF01F039FEBDE8F08710B5C44861
:104CC000006818B10120C349086041E00020C149D3
:104CD000086000BFBA480068026B4FF0A534106846
:104CE000B0F1A53F0BD15068B0F1A53F07D1906856
:104CF000B0F1A53F03D1D068B0F1A53F08D0B048CE
:104D0000006800F134031946AD480068FFF7AAFABD
:104D100000BF00BFAC480068B0FA80F0C0F11F01CE
:104D200000BF01EB8102A74B03EB8200426852688F
:104D3000426000F108024368934201D1C2684260B8
:104D40004268D2689E4B1A6000BF00BF18460068D8
:104D500010BD70B5054601F0D9FD15B99848006839
:104D600000E028460446201DFEF7C4F888B900BFBD
:104D7000E06A00EB8000934951F8200040B994F8B4
:104D80002C10012088409049096881438E480160B9
:104D900000BFA06A18B104F11800FEF7ABF8211D9E
:104DA0008D48FEF781F8002009E004F15801095C04
:104DB000012903D1002204F158010A54401C0128A2
:104DC000F3DB01F0B2FD8548006828B101F09EFDDB
:104DD000FFF778FB01F0A9FD79480068844217D1FC
:104DE0007E48006840B14FF0805078490860BFF3BA
:104DF0004F8FBFF36F8F0BE07748066878480068E5
:104E0000864203D100206E49086001E0FFF756FF9B
:104E100070BD10B50246002311466F4C4869A04290
:104E200001D1012000E00020E0B16E4C886AA04270
:104E300001D1012000E00020A0B9886A08B9012052
:104E400000E0002070B10123002007E001F15804C8
:104E5000245C012C01D1002302E0401C0128F5DB79
:104E600000BF00BF184610BD70B505462C4654481B
:104E7000006884424CD0002C4AD001F047FD204607
:104E8000FFF7C7FF002841D0201DFEF733F800BF11
:104E900094F82C10012088404B49096808434A497E
:104EA000086000BFE16A01EB8101464A02EB810123
:104EB0004868A0608268E260211D8268516081605C
:104EC000E16A01EB81013F4A02EB81026261E16A22
:104ED00001EB81013B4A52F82110491CE26A02EBC6
:104EE0008202384B43F8221000BF00BF00BF344895
:104EF0000068C06AE16A884207D24FF080503349A7
:104F00000860BFF34F8FBFF36F8F00BF01F00DFD3F
:104F100070BD2DE9F04106460027344600BF502100
:104F2000EFF3118081F31188BFF34F8FBFF36F8FC1
:104F300000BF05462046FFF76CFF002859D02448E3
:104F40000068002850D11E49E06A0968C96A884291
:104F500003D9012701201F490860201DFDF7CAFF62
:104F600000BF94F82C1001208840174909680843B5
:104F70001549086000BFE16A01EB8101114A02EBAB
:104F800081014868A0608268E260211D82685160EA
:104F90008160E16A01EB81010A4A02EB81026261F0
:104FA000E16A01EB8101074A52F82110491CE26ACB
:104FB00002EB8202034B43F8221000BF19E000000D
:104FC00048010020C00300206001002004ED00E043
:104FD000840100206C010020900600206401002064
:104FE000580100206806002004F11801FE48FDF772
:104FF0005BFF00BF85F3118800BF3846BDE8F08134
:1050000010B516E001F082FCF848C068C468201DA5
:10501000FDF770FFF6480068401EF5490860F54846
:105020000068401EF349086001F07FFC2046FFF74E
:1050300040FAF04800680028E4D110BD00BFFFF737
:10504000DFFFED4800680128F9D94FF08050EB49A7
:105050000860BFF34F8FBFF36F8FF0E7F0B587B0F5
:1050600001260027002408E0E5A0005D03A90855FB
:1050700003A8005D00B902E0641C102CF4DB00BF43
:10508000002510E0E04FE14800EB850000210B46D1
:105090008022CDE9001003A93846FFF7EEF9064655
:1050A00006B902E06D1C012DECDB00BF304607B0F5
:1050B000F0BD10B5FFF7D2FF0446012C02D101F07C
:1050C00067F90446012C14D100BF502080F31188E9
:1050D000BFF34F8FBFF36F8F00BF4FF0FF30CC494E
:1050E00008600120CB4908600020CB49086001F02E
:1050F000F7FBCA48006810BD70B501F0F5F9054628
:10510000FFF7F4F9002405E0C04951F82400FFF747
:10511000EDF9641C012CF7DBFFF772FF00BF502094
:1051200080F31188BFF34F8FBFF36F8F00BF002054
:10513000B849086001F0E9FB70BDB74908687047DD
:105140000021B54A10687047A948006870470146B9
:1051500011B9B348006800E00846024602F1340085
:1051600070470146002001E0491C401C0A78A52A2E
:10517000FAD0800870472DE9F04107460C4690466A
:105180001E4617B9A648006800E038460546256067
:1051900005F134006060E86A2061286BE061686CAA
:1051A000A060E86C60610020A061052E35D09C48AD
:1051B0000068854201D1012000E00020012802D1D1
:1051C000002020732DE02673032E17D1FFF7D9FBA3
:1051D000A86A10B1022020730EE0002008E005F15B
:1051E0005801095C012902D10221217302E0401C0F
:1051F0000128F4DB00BF00BFFFF795FA01F086FB42
:105200007949A86A884201D1012000E0002008B154
:105210000120207301F089FB03E02846FFF704FC1E
:105220002073B8F1000F04D0286BFFF79AFF2062BB
:1052300001E000202062BDE8F0812DE9F04707463B
:105240000C469046002604F10809B246206880B159
:10525000E5680CE0D5F80CA006EBC60007EB800172
:10526000434601225046FFF786FF761C6D684D4588
:10527000F0D13046BDE8F0872DE9F041054688467B
:10528000164600242027FFF77CFB5948006880451C
:1052900039D300BF7F1E07EB8702574B03EB820118
:1052A00004EBC40205EB82000122FFF7C6FF0444B1
:1052B000002FEFD104EBC40105EB81000222594914
:1052C0000968FFF7BAFF044404EBC40105EB810051
:1052D000022255490968FFF7B0FF044404EBC401FA
:1052E00005EB810004224149FFF7A7FF044404EBCA
:1052F000C40105EB810003224C49FFF79EFF0444E3
:105300000EB100203060FFF70EFA2046BDE8F081B4
:1053100070B50446FFF735FB01F0F8FA4448006821
:1053200020444349086001F000FBFFF7FCF9054603
:10533000284670BD70B505460C46394801681831DD
:105340002846FDF7BDFD01212046FFF7C3FA70BDD9
:1053500070B504460D46164645F0004030490968D0
:10536000886100BF60682E490968C8612C4982685D
:1053700009680A622A490968183182685160284917
:10538000096818318160264909688C622168491CC6
:10539000216000BF01213046FFF79CFA70BD70B557
:1053A00004460E46154600BF60681D490968C8617D
:1053B0001B49826809680A621949096818318268BC
:1053C00051601749096818318160154909688C6274
:1053D0002168491C216000BF0DB14FF0FF362946FE
:1053E0003046FFF777FA70BD680600207C06002083
:1053F0005801002054010020C003002004ED00E00B
:1054000049444C45000000003D5000087C0100204C
:1054100078010020640100205C0100208001002050
:10542000480100204C01002050010020900600207F
:105430006801002070B50346D868C16800BF886A5B
:10544000D1E90745A560D1E90754656001F1180469
:105450004568A54201D10C6A446000258D6204684C
:10546000641E046000BFFE480068002842D100BFEF
:105470004869D1E90245A560D1E9025465600C1D77
:105480004568A54201D1CC68446000254D6104689F
:10549000641E046000BF00BF91F82C400120A040B2
:1054A000F04C24682043EF4C206000BFCC6A04EB32
:1054B0008404ED4D05EB8404606888608568CD60E8
:1054C0000C1D85686C608460CC6A04EB8404E64D36
:1054D00005EB84054D61CC6A04EB8404E24D55F87C
:1054E0002440641CCD6A05EB8505DF4E46F8254057
:1054F00000BF11E000BFDD4C6068C86185680D62C7
:1055000001F1180485686C608460D84D8D622C466A
:105510002468641C2C6000BFD54CC86A2468E46A07
:10552000A04204D901220120D24C206000E00022D8
:10553000104670BD70B502460B4643F00041116045
:10554000D06800BF1169D2E90154AC60D2E90145CD
:105550006C604C68944201D194684C6000241461E2
:105560000C68641E0C6000BF00BF4169D0E90245B1
:10557000A560D0E902546560041D4D68A54201D1C3
:10558000C4684C60002545610C68641E0C6000BF57
:1055900000BF90F82C400121A140B24C2468214367
:1055A000B04C216000BFC46A04EB8404AE4D05EB2F
:1055B0008404616881608D68C560041D8D686C60BD
:1055C0008C60C46A04EB8404A74D05EB8405456137
:1055D000C46A04EB8404A44D55F82440641CC56AD5
:1055E00005EB8505A04E46F8254000BF00BFA04C46
:1055F000C16A2468E46AA14202D901219D4C21605C
:1056000070BD10B5044601F081F99B480068206028
:105610009A480068606001F088F910BD96490968F1
:105620000160964909684160704770B506460C46AE
:1056300001F06CF9914802687068131A2068401CE8
:1056400008B9002519E08C4930680968884206D0FD
:105650007068904203D80125002020600DE020688A
:10566000984207D92068C01A20603046FFF7D6FF5D
:10567000002502E000202060012501F056F92846AF
:1056800070BD01207B4908607047014611B10A4690
:10569000906C00E00020704708B1024691647047AA
:1056A0002DE9F041044614B97148006800E0204635
:1056B00007463D6B2846FFF754FD06463046BDE8D9
:1056C000F0816B490868704701460020002903DB20
:1056D000012901DA012200E000220AB1644A1068BF
:1056E00070476749096809B9012005E05C49096804
:1056F00009B9022000E00020704770B505462C462D
:105700000026002D6AD05A49E06A0968C96A8842B1
:105710005DD2A06900F0004028B955480068C06A11
:10572000C0F12000A061E16A01EB81014E4A02EB69
:1057300081016069884201D1012000E00020002839
:105740003FD0201DFDF7D6FB40B994F82C10012066
:1057500088404449096881434248016044480068E0
:10576000C06AE06200BF94F82C10012088403D49D7
:10577000096808433B49086000BFE16A01EB810109
:10578000394A02EB81014868A0608268E260211D0D
:10579000826851608160E16A01EB8101324A02EB6B
:1057A00081026261E16A01EB81012F4A52F8211006
:1057B000491CE26A02EB82022B4B43F8221000BF25
:1057C00003E02B480068C06AE062012606E0284931
:1057D000E06C0968C96A884200D20126304670BD73
:1057E00070B505462C460026002D5FD0206D401E6A
:1057F0002065E16CE06A884258D0206D002855D1C0
:10580000201DFDF777FB40B994F82C10012088404B
:1058100014490968814313480160E06CE062E06A62
:10582000C0F12000A06100BF94F82C100120884036
:105830000C49096808430B49086000BFE16A01EBA5
:105840008101094A02EB81014868A0608268E26038
:10585000211D826851608160E16A01EB810111E0E4
:105860008401002060010020C003002068060020A1
:10587000480100206C010020700100205C01002024
:1058800064010020FE4A02EB81026261E16A01EBE1
:105890008101FB4A52F82110491CE26A02EB8202A4
:1058A000F74B43F8221000BF00BF0126304670BD01
:1058B0002DE9F04706460F4634464FF00109002E09
:1058C0005DD0E06CB84201D23D4600E0E56CE06A94
:1058D000A84254D0206D012851D1D4F82C80E56223
:1058E000A06900F0004010B9C5F12000A06108EBEC
:1058F0008801E34A02EB81016069884201D10120FD
:1059000000E00020D8B3201DFDF7F4FA40B994F868
:105910002C1001208840DB4909688143D948016087
:1059200000BF94F82C1001208840D649096808432C
:10593000D449086000BFE16A01EB8101D04A02EB63
:1059400081014868A0608268E260211D8268516020
:105950008160E16A01EB8101C94A02EB8102626167
:10596000E16A01EB8101C64A52F82110491CE26A42
:1059700002EB8202C24B43F8221000BF00BFBDE819
:10598000F087C14909688869BF490968C96AC1F1D6
:105990002001BD4A126891617047BB49086810B187
:1059A000016D491C016570472DE9F04704468846A2
:1059B00016464FF00009FEF7E4FF00F0A7FFB248DB
:1059C0000068543050F8240030B90121AE48006816
:1059D0005830015506B1894600F0A7FFB9F1010F13
:1059E00003D101213046FEF775FFFEF79CFE074606
:1059F000B9F1010F08D13FB94FF08050A3490860B9
:105A0000BFF34F8FBFF36F8F00F080FF9E48006899
:105A1000543050F824507DB1B8F1000F06D0002169
:105A200099480068543040F8241005E0681E9649F3
:105A30000968543141F82400002193480068583027
:105A4000015500F072FF2846BDE8F0872DE9F05FB0
:105A50000446884691461D46DDF828A04FF0000B0D
:105A6000FEF78FFF00F052FF874800685830005D56
:105A7000022811D084490968543101EB840001687F
:105A800021EA0801016001217F4800685830015572
:105A9000BAF1000F00D08B4600F047FFBBF1010FB9
:105AA00003D101215046FEF715FFFEF73CFE0746E5
:105AB000BBF1010F08D13FB94FF080507349086026
:105AC000BFF34F8FBFF36F8F00F020FF2DB16E48F3
:105AD0000068543050F8240028606B480068583043
:105AE000005D022801D0002609E0674909685431A9
:105AF00001EB8400016821EA09010160012600210F
:105B0000614800685830015500F00FFF3046BDE88D
:105B1000F09F2DE9F05F81460D4616461F46DDF8E1
:105B200028A04FF0010B4C4600F0F0FEBAF1000F38
:105B300005D004F1540050F82500CAF8000004F123
:105B4000580010F8058002214155052F29D2DFE8C1
:105B500007F027030D171C0004F1540050F825002E
:105B6000304304F1540141F825001BE004F15400D6
:105B700050F82500401C04F1540141F8250011E0C3
:105B800004F1540040F825600CE0B8F1020F04D095
:105B900004F1540040F8256001E04FF0000B01E0F3
:105BA00000E000BF00BFB8F1010F52D100BF606933
:105BB000D4E902128A60D4E902214A60211D4268B8
:105BC0008A4201D1E1684160002262610168491E98
:105BD000016000BF00BF94F82C10012088402949C3
:105BE000096808432749086000BFE16A01EB8101A9
:105BF000234A02EB81014868A0608268E260211DAF
:105C0000826851608160E16A01EB81011C4A02EB0C
:105C100081026261E16A01EB8101194A52F82110A7
:105C2000491CE26A02EB8202154B43F8221000BFC6
:105C300000BF00BF14480068C06AE16A884207D20A
:105C40004FF0805011490860BFF34F8FBFF36F8F43
:105C500000BF00F06AFE5846BDE8F09F2DE9F04F06
:105C600005460C46DDE909674FF00109294600BFEA
:105C70004FF0500AEFF311808AF3118808E000001A
:105C8000C0030020600100204801002004ED00E076
:105C9000BFF34F8FBFF36F8F00BF804626B101F176
:105CA000540050F82400306001F1580010F804C08E
:105CB0004FF0020A00F804A0052B29D2DFE803F018
:105CC00027030D171C0001F1540050F82400104365
:105CD00001F1540A4AF824001BE001F1540050F885
:105CE0002400401C01F1540A4AF8240011E001F19B
:105CF000540040F824200CE0BCF1020F04D001F164
:105D0000540040F8242001E04FF0000901E000E0D9
:105D100000BF00BFBCF1010F7DD1CF480068002853
:105D200064D100BF4869D1E902ABCAF808B0D1E933
:105D300002BACAF804B001F1040AD0F804B0D3459D
:105D400003D1D1F80CA0C0F804A04FF0000BC1F8AB
:105D500014B0D0F800A0AAF1010AC0F800A000BF5A
:105D600000BF91F82CA0012000FA0AF0DFF8ECA2A5
:105D7000DAF800A040EA0A00DFF8E0A2CAF8000062
:105D800000BFD1F82CA00AEB8A0ADFF8D4B20BEBE3
:105D90008A0ADAF804008860D0F808B0C1F80CB0BC
:105DA00001F1040AD0F808B0CBF804A0C0F808A0AC
:105DB000D1F82CA00AEB8A0ADFF8A4B20BEB8A0B0D
:105DC000C1F814B0D1F82CA00AEB8A0ADFF890B21F
:105DD0005BF82AA00AF1010AD1F82CB00BEB8B0B6F
:105DE000DFF87CE24EF82BA000BF1FE000BFDFF819
:105DF00074A2DAF80400C861D0F808B0C1F820B085
:105E000001F1180AD0F808B0CBF804A0C0F808A037
:105E1000DFF850B200E01AE0C1F828B0DA46DAF84C
:105E200000A00AF1010ACBF800A000BFDFF838A2F9
:105E3000C86ADAF800A0DAF82CA0504507D90FB1EB
:105E4000012038600120DFF824A2CAF8000000BF5A
:105E500088F3118800BF4846BDE8F08F2DE9F04176
:105E600003461446184600BF5027EFF3118287F30C
:105E70001188BFF34F8FBFF36F8F00BF154600F13E
:105E80005802565C02275754121F52F82120521C08
:105E900000F1540747F82120012E7AD16E4A12688A
:105EA000002A51D100BF4269D0E9027CC7F808C07E
:105EB000D0E902C7C7F804C0071DD2F804C0BC452A
:105EC00001D1C76857604FF0000CC0F814C01768C4
:105ED0007F1E176000BF00BF90F82C700122BA40EF
:105EE0005E4F3F683A435D4F3A6000BFC76A07EBB9
:105EF0008707DFF86CC10CEB87077A688260D2F8FD
:105F000008C0C0F80CC0071DD2F808C0CCF8047057
:105F10009760C76A07EB8707DFF844C10CEB870C73
:105F2000C0F814C0C76A07EB8707DFF834C15CF814
:105F300027707F1CD0F82CC00CEB8C0CDFF8208174
:105F400048F82C7000BF18E000BF464F7A68C26165
:105F5000D2F808C0C0F820C000F11807D2F808C075
:105F6000CCF804709760DFF8FCC0C0F828C0674622
:105F70003F687F1CCCF8007000BF3B4FC26A3F688F
:105F8000FF6ABA4205D90CB1012222600122374FC3
:105F90003A6000BF85F3118800BFBDE8F0812DE9AC
:105FA000F04106460C4616B92F48006800E030461E
:105FB000074600F0ABFC07F15800005D022805D150
:105FC000002107F158000155012500E0002500F0EF
:105FD000ACFC2846BDE8F0812DE9F04106460C46B0
:105FE000174616B92048006800E03046054600F024
:105FF0008DFC05F1540050F8248050F82400B8437B
:1060000005F1540141F8240000F08FFC4046BDE842
:10601000F0810021144A1160154A1160154A11607F
:10602000154A11600D4A1160144A1160144A11603A
:10603000002004E000210D4A42F82010401C0128F5
:10604000F8DB00210F4A11600F4A11600F4A1160FE
:10605000014A1160704700008401002060010020A7
:10606000C003002068060020480100206C010020C9
:1060700054010020580100205C0100206401002030
:1060800068010020700100207401002078010020C8
:106090002DE9F04104460D4616461F464FF0000814
:1060A00065602461B5420CD8F01BA169884202D317
:1060B0004FF0010811E0211DFE480068FCF700FFC9
:1060C0000BE0BE4204D2BD4202D34FF0010804E00F
:1060D000211DF9480068FCF7F3FE4046BDE8F08159
:1060E00070B504460D46164604E0A06905442046F6
:1060F000216A8847A06941192B4632462046FFF79E
:10610000C7FF0028F1D170BD70B505460E46EA48BC
:106110000068C068C468201DFCF7ECFE94F82800F5
:1061200000F0040028B1324629462046FFF7D8FF88
:1061300005E094F8280000F0FE0084F828002046CE
:10614000216A884770BD70B508E0DB480068C06808
:1061500004684FF0FF312046FFF7D6FFD6480068AD
:10616000006808B9012000E000200028EDD0D248E6
:106170000568D0480068D0490860CE48056070BD09
:1061800070B50446FEF7D9FF0546CC480068854245
:1061900004D2FFF7D8FF0120206001E0002020603A
:1061A000C6480560284670BD7FB50020019002906A
:1061B00003906EE0019800286BDB039C606908B9CE
:1061C000012000E0002010B9201DFCF793FE684676
:1061D000FFF7D6FF054601980A2858D2DFE800F0FD
:1061E0005705072E364706082F3700BF00BF00BFF0
:1061F00094F8280040F0010084F828000298A26971
:10620000811803462A462046FFF742FFA8B194F8BA
:10621000280000F0040038B10298A26981182A46CB
:106220002046FFF75DFF05E094F8280000F0FE002F
:1062300084F828002046216A884729E000BF94F8A6
:10624000280000F0FE0084F8280021E000BF94F848
:10625000280040F0010084F828000298A061A0699D
:1062600041192B462A462046FFF712FF10E094F80A
:10627000280000F0020018B9204600F07AFA05E084
:1062800094F8280000F0FE0084F8280000E000BF29
:1062900000BF002201A98A480068FDF7FFF9002825
:1062A00088D17FBDF8B505460C46FEF76AFB684607
:1062B000FFF766FF0646009820BB44B9B54206D8F2
:1062C000FEF731FA31462846FFF71EFF1CE03CB1CD
:1062D00078480068006808B9012000E00020044602
:1062E000A91B224676480068FDF7D8FBFEF71BFA8B
:1062F00050B94FF0805073490860BFF34F8FBFF320
:106300006F8F01E0FEF70FFAF8BD01466A4A126886
:1063100012680AB9012200E000220A600A6822B964
:10632000654A1268D268106800E00020704708B51E
:1063300000BF6846FFF7E9FF044620460099FFF7D3
:10634000B1FFFFF731FFF4E710B500F0DFFA5C486A
:106350000068D0B95C48FCF797FD5C48FCF794FDF9
:1063600059485549086059485249086000220C2193
:106370000A20FCF738FE524908600846006820B140
:1063800053A14F480068FDF755FB00F0CEFA10BD51
:106390001CB50024FFF7D8FF4948006858B14E48A3
:1063A0001F2100234FF48072CDE900104BA14D480E
:1063B000FEF763F8044620461CBD2DE9F04705466C
:1063C0000E4617469846DDE90894FFF7BDFF2560A5
:1063D000A661C4F81C80C4F82090201DFCF761FD64
:1063E0002FB194F8280040F0040084F82800BDE89C
:1063F000F0872DE9FC4705460E4617469846DDF81E
:1064000028902C2000F010F9044654B1002084F8A4
:10641000280043463A4631462846CDE90094FFF726
:10642000CCFF2046BDE8FC872DE9FE4305460C461F
:10643000164699460A9F4FF0000821480068C8B1E7
:10644000009401960295062C14DAFFF74AF9022807
:1064500008D100233A46694619480068FCF7ACFEAB
:10646000804607E000231A46694615480068FCF795
:10647000A3FE80464046BDE8FE832DE9FE43054667
:106480000C4616461F46DDF828904FF000080C48D1
:10649000006860B1009401960295062C07DB00238A
:1064A0003A46694606480068FDF73BF88046404694
:1064B000BDE8FE838C0100208801002098010020A7
:1064C0009001002004ED00E0A4060020B8060020A2
:1064D000546D72510000000094010020546D722030
:1064E000537663002F630008374800687047014601
:1064F0000A469069704770B506460D46344600F06E
:1065000005FA35B194F8280040F0040084F828001A
:1065100005E094F8280000F0FB0084F8280000F063
:1065200004FA70BD70B50446264600F0EFF996F8FF
:10653000280000F0040008B9002500E0012500F063
:10654000F4F9284670BD70B504462046FFF7EAFF0F
:106550000546284670BD01460A4650687047014608
:106560000A461068704770B50446264600F0CEF91A
:1065700096F8280000F0010008B9002500E0012588
:1065800000F0D3F9284670BD70B50446264600F0E9
:10659000BDF9F56900F0C9F9284670BD70B504462B
:1065A0000D46264600F0B2F9F56100F0BEF970BD67
:1065B0000146486A704741627047002003490860FD
:1065C00001490860704700009401002090010020FC
:1065D00030B54FF45053A94800F007042CB1C01D4A
:1065E00020F00700A54C041B1B1BA54C20600024B9
:1065F000A34D6C60C218083A22F00702A14C226039
:106600000024A04D2D686C609E4D2D682C600146C5
:10661000541A4C609B4C24680C609B4D4C682C6059
:106620009A4D4C682C6030BD2DE9F04704464FF080
:106630000009DCB114F1090F01D9012000E00020AC
:1066400098B9083404F0070080B104F00700C0F1E5
:106650000808C8F1FF30A04201D2012000E000206C
:1066600008B9444402E0002400E00024FEF789F960
:106670008448006808B9FFF7ABFF012000EBE47025
:10668000002841D0002C3FD08048006884423BD88D
:106690007B4E3046056801E02E462D686868A042B2
:1066A00002D228680028F7D17648006885422BD0AE
:1066B000306800F10809286830606868001B1028FD
:1066C00007D92F196868001B78606C6030683860E3
:1066D00037606E4968680968081A6C49086008469E
:1066E000006869490968884203D2684800686649B9
:1066F0000860686840F000406860002028606448D6
:106700000068401C62490860FEF70DF84846BDE885
:10671000F08710B501465A4800E0006803688B42D4
:10672000FBD30246436813448B4204D143684C6850
:106730002344436001460A464B6813440468A3425D
:1067400011D1504C03682468A34208D04B680468F8
:10675000646823444B6003681B680B6005E0494B89
:106760001B680B6001E003680B60884200D0016089
:1067700010BD70B506463546E6B1083D2C4660684A
:10678000C00FB8B12068A8B9606820F00040606010
:10679000FEF7F7F83D496068096808443B4908601E
:1067A0002046FFF7B6FF3B480068401C39490860A7
:1067B000FDF7B9FF70BD3548006870473248006882
:1067C0007047704770B504460D46002634B1701E00
:1067D000B0FBF4F0A84201D2012000E0002050B943
:1067E00004FB05F0FFF720FF064626B104FB05F188
:1067F000304601F037F8304670BD2DE9F0410446CF
:106800004FF000080026771EFEF7BBF81C4805680D
:106810007DB10AE008F101086868B04200D96E68ED
:106820006868B84200D26F682D68164800688542D3
:10683000F0D1FDF778FF6660A760C4F80C8000F027
:1068400065F81248006820601148006860611148CE
:106850000068A0610C480068206100F066F8BDE89F
:10686000F08100200749086008490860064908606F
:10687000074908600749086070470000CC060020FF
:106880009C010020A4010020AC010020A8010020F0
:10689000B0010020B401002000BF502080F3118817
:1068A000BFF34F8FBFF36F8F00BF00BFFEE7001F26
:1068B0004FF080730360001F21F001030360001F8D
:1068C0002D4B0360143802602038704700204FF0D1
:1068D000E021086188612948486107200861704704
:1068E00010B52748006840F47F0025490860084635
:1068F000006840F07F400860FFF7E8FF0020214972
:106900000860F9F733FC002010BD704700BF50202D
:1069100080F31188BFF34F8FBFF36F8F00BF19480B
:106920000068401C17490860704716480068401E00
:10693000144908600846006820B9002080F31188D7
:1069400000BF00BF704710B500BF502080F3118812
:10695000BFF34F8FBFF36F8F00BFFDF72AFE20B14B
:106960004FF0805006491C39086000BF002080F3BA
:10697000118800BF10BD0000996800083F19010090
:1069800020ED00E0B801002010B52021FB48FAF707
:1069900008FD8021F948FAF706FD8021F748FAF74B
:1069A00000FD10BD10B52021F448FAF7FAFC2021B3
:1069B000F248FAF7F8FC10BD70B5044600251BE05C
:1069C0002021EE48FAF7EFFC04F0800020B180218E
:1069D000EA48FAF7E6FC03E08021E848FAF7E3FC2E
:1069E0002021E648FAF7DDFC2021E448FAF7DBFC39
:1069F0006006040E681CC5B2082DE1DB70BD10B541
:106A00008021DE48FAF7CDFC2021DC48FAF7C9FCEA
:106A10008021DA48FAF7C7FC2021D848FAF7C3FCEE
:106A200010BD70B505460C46FFF7E9FF7820FFF76B
:106A3000C3FFFFF7B7FF1CB14020FFF7BDFF02E027
:106A40000020FFF7B9FFFFF7ADFF2846FFF7B4FFBF
:106A5000FFF7A8FFFFF798FF70BD10B504461CB9FB
:106A60000021A620FFF7DDFF012C03D10021A72084
:106A7000FFF7D7FF10BD10B504463CB90021C82070
:106A8000FFF7CFFF0021A120FFF7CBFF012C07D19B
:106A90000021C020FFF7C5FF0021A020FFF7C1FFA4
:106AA00010BD10B500218D20FFF7BBFF0021142081
:106AB000FFF7B7FF0021AF20FFF7B3FF10BD10B500
:106AC00000218D20FFF7ADFF00211020FFF7A9FF67
:106AD0000021AF20FFF7A5FF10BD70B500241CE01A
:106AE00004F1B001C8B20021FFF79BFF0021084666
:106AF000FFF797FF00211020FFF793FF002508E024
:106B00009F4901EBC501085D0121FFF78AFF681C61
:106B1000C5B2802DF4DB601CC4B2082CE0DB70BD74
:106B200070B500240CE0002506E00020944901EB3C
:106B3000C5010855681CC5B2802DF6DB601CC4B2C7
:106B4000082CF0DBFFF7C9FF70BD70B50A46CE1701
:106B500001EB5676C6F3C703CE1701EB5676F61057
:106B6000A1EBC606F4B20122A240D5B2844A02EBE0
:106B7000C002D25C2A43824E06EBC006F25470BDBE
:106B800070B50B46CE1701EB5676C6F3C702CE178B
:106B900001EB5676F610A1EBC606F4B20123A34032
:106BA000DDB2774B03EBC0039B5CDB43744E06EB1B
:106BB000C006B354724B03EBC0039B5C2B43704E77
:106BC00006EBC006B3546E4B03EBC0039B5CDB4388
:106BD0006B4E06EBC006B35470BD2DE9F84F054669
:106BE0000E4617469846002D0ADB802F08DC002E43
:106BF00006DBB8F1400F03DCBD4201DC464501DD98
:106C0000BDE8F88FBD420DD1002406E03019C1B2B5
:106C10002846FFF79AFF601CC4B2A8EB0600A0420A
:106C2000F4DC30E046450CD1002406E02919C8B256
:106C30003146FFF78AFF601CC4B2781BA042F5DC26
:106C400021E0A8EB060000F0FF0A781B00F0FF0B24
:106C50000AEB8A00400090FBFBF000F0FF090024E3
:106C60000EE004FB09F00A2190FBF1F03044C0B2C1
:106C700029190090C8B20099FFF767FF601CC4B2E1
:106C8000781BA042EDDC00BFBAE72DE9F0430646D1
:106C90000F469046002544463BE03A1BD1B272199C
:106CA000D0B2FFF752FF3A1BD1B2721BD0B2FFF73E
:106CB0004CFF3A19D1B2721BD0B2FFF746FF3A1916
:106CC000D1B27219D0B2FFF740FF7A19D1B232199E
:106CD000D0B2FFF73AFF7A1BD1B23219D0B2FFF728
:106CE00034FF7A1BD1B2321BD0B2FFF72EFF7A19D4
:106CF000D1B2321BD0B2FFF728FF6D1C05FB05F0A7
:106D000004FB040008FB1809B9F1000F01DD641E43
:106D10006D1E6000604308FB08F18842BDDABDE8E3
:106D2000F0832DE9FF4F81B080460E461C46009649
:106D30002046E31704EB5373DB1021464FEAE47C53
:106D400004EB5C7C4FEAEC0CA4EBCC0CBCF1000F28
:106D500002D04FF0010C01E04FF0000C63442246DA
:106D600004EBD27C4FEA6C0C03FB0CF303F0FF0B3B
:106D700003982038C7B200254CE00000000801400D
:106D8000CC3A00200C2C07D107EB4700FE4901EB61
:106D9000800010F805A014E0102C05D1FB4800EB92
:106DA000071010F805A00CE0182C07D107EBC7005E
:106DB000F74901EB800010F805A002E005B0BDE83E
:106DC000F08F4FF000091FE00AF0800020B131463B
:106DD0004046FFF7BAFE03E031464046FFF7D0FEDB
:106DE0004FEA4A604FEA106A701CC6B20098301A27
:106DF000A04205D1009E08F1010000F0FF0806E066
:106E000009F1010000F0FF09B9F1080FDCDB00BF58
:106E1000681CC5B25D45B5DB00BFCFE7F0B50646DF
:106E20000F4614461D4613E022782B46394630465D
:106E3000FFF777FF284605EBD07106EB6101CEB274
:106E4000C5F18000B04202DA00267819C7B2641C8E
:106E50002078202802DB20787E28E5DDF0BD10B503
:106E60000246012000E050430B1EA1F10104E1B2F3
:106E7000F9D110BD2DE9F04F06468A4691461F46CE
:106E8000099C00252CE0781B401EC1B20A20FFF7A8
:106E9000E6FFB9FBF0F00A21B0FBF1F201FB1208AA
:106EA000B8F1000F0CD1A34604EBDB71491001FBD4
:106EB0000561C8B2234630225146FFF732FF0DE08C
:106EC000A34604EBDB71491001FB0561C8B208F170
:106ED0003001CAB223465146FFF723FF681CC5B2F2
:106EE000BD42D0DBBDE8F08F2DE9F74F04460D46DB
:106EF000A246AB46002634E000272EE006EB460013
:106F000007EB8001029810F801904FF0000813E0A1
:106F100009F0010020B129462046FFF716FE03E0E4
:106F200029462046FFF72CFE4FEA6909681CC5B2C6
:106F300008F1010000F0FF08B8F1080FE8DB601C61
:106F4000C4B2A4EB0A000C2804D154460BF108008B
:106F500000F0FF0B5D46781CC7B20C2FCEDB701C17
:106F6000C6B2022EC8DBBDE8FE8F074688464FF04A
:106F7000000A002646E01EB90AF1010000F0FF0AEF
:106F8000BA4523D14FF000091AE0002410E0002593
:106F90000AE0804800EBC400415D601E7D4A02EBC0
:106FA000C0004155681CC5B2082DF2DB601CC4B29C
:106FB000902CECDBFFF791FD09F1010000F0FF09D7
:106FC0004FEA08104845E0DC4FF0000A701CC6B2DA
:106FD000102E00D10026002410E000250AE06D48A4
:106FE00000EBC400415D601E6A4A02EBC0004155DF
:106FF000681CC5B2082DF2DB601CC4B2902CECDB1F
:10700000FFF76BFDB7E770B504460D4605F1B0011B
:10701000C8B20021FFF705FD102141EA141000213C
:10702000FFF7FFFC04F00F0141F001000021FFF722
:10703000F8FC70BD2DE9F04104460D46069F002680
:10704000294614E020460CE017F806C0DFF844811A
:1070500008EBC00808F801C0761C00F1010C0CF028
:10706000FF009042F0DB01F1010C0CF0FF019942AE
:10707000E8DBBDE8F08108B501210420FAF780FBC8
:10708000B020ADF8000010208DF8030003208DF82B
:10709000020069464048FAF7D7F8B0213E48FAF7AF
:1070A00080F901210820FAF76BFB40F20310ADF8DC
:1070B000000010208DF8030003208DF802006946BF
:1070C0003648FAF7C1F840F203113448FAF769F983
:1070D00001213248FAF765F96420F9F713FA012122
:1070E0002E48FAF760F9C820F9F70CFA01212B486D
:1070F000FAF757F902212948FAF755F90021AE208D
:10710000FFF78FFC00210846FFF78BFC00211020C1
:10711000FFF787FC00214020FFF783FC002181203E
:10712000FFF77FFC0021CF20FFF77BFC0021A1208F
:10713000FFF777FC0021C820FFF773FC0021A62091
:10714000FFF76FFC0021A820FFF76BFC00213F2018
:10715000FFF767FC0021D320FFF763FC00210846FE
:10716000FFF75FFC0021D520FFF75BFC00218020AA
:10717000FFF757FC0021D920FFF753FC0021F12035
:10718000FFF74FFC00210BE000880008748C00081A
:1071900064920008CC3A002000080140000C014035
:1071A000DA20FFF73EFC00211220FFF73AFC002115
:1071B000DB20FFF736FC00214020FFF732FC0021E6
:1071C0002020FFF72EFC00210220FFF72AFC0021DF
:1071D0008D20FFF726FC00211420FFF722FC002160
:1071E000A420FFF71EFC0021A620FFF71AFC0021B7
:1071F000AF20FFF716FCFFF793FC08BD2DE9F04127
:1072000007460C4615461E4601210846FAF7ABFA1A
:107210003846FBF723FB11480460456000200F4906
:1072200088600846C6600020086180204861002010
:107230008861C86120200862C0014862002088621D
:107240003846FBF7A4FB01213846FBF7CBFB0122B4
:1072500040210348FBF7BFF9BDE8F0814C3F002017
:107260000038014008B503208DF8000005208DF896
:10727000010000208DF8020001208DF8030068460F
:10728000FBF783FA08BDF0B503460C4615466420AB
:1072900093FBF0F0C6B2642093FBF0F700FB1730CD
:1072A000C1B2132E02DD01F16400C1B20846CF174E
:1072B00001EB977701EBA707BAB2072092FBF0F733
:1072C00000FB172082B25719601EDFF808C41CF8B3
:1072D0000000384482B2CF1701EB9777BF10A1EBC3
:1072E00087071FB9032C01DA501E82B2072092FBD8
:1072F000F0F700FB1720C0B2F0BD0146CA1701EB42
:1073000092729210A1EB820292B9642091FBF0F28A
:1073100000FB121050B94FF4C87091FBF0F200FB63
:10732000121008B9012070470020FCE70120FAE79D
:107330000020F8E770B5002600240025FBF784FC48
:107340000646E548B6FBF0F4E4480088A0423CD08D
:10735000E2490C8040F2B27510E02846FFF7CDFFFD
:1073600040B1B4F5B77F02D3A4F5B77404E0681C4C
:1073700085B206E0A4F26D14681C85B2B4F5B67F40
:10738000EBD800BFD6488580002516E0D449888810
:10739000FFF7B3FF30B1012D04D11D2C01D31D3CEB
:1073A00009E00CE0CF48405DA04203D8CD48405DE5
:1073B000241A00E003E0681C85B21C2CE6D200BF52
:1073C000681CC7498871601CC871C348B6FBF0F1DE
:1073D00000FB11644FF46160B4FBF0F0C049087029
:1073E0004FF46160B4FBF0F100FB11403C21B0FBB5
:1073F000F1F0BB4948704FF46160B4FBF0F100FB61
:1074000011403C21B0FBF1F201FB1200B44988703D
:107410000B46DA7999799888FFF735FFB0490872F9
:10742000002070BD2DE9F05F06460F469046994654
:10743000DDE90AAB002440F2B270864203DB40F67D
:107440003300864202DD0120BDE8F09F40F2B275B4
:107450000AE02846FFF751FF10B1A348044401E0B9
:10746000A2480444681C85B2B542F2DB781EC7B25C
:10747000002510E09B48405D40F2A321484304EB07
:10748000C0143046FFF739FF18B1012D01D19248E1
:107490000444681C85B2BD42ECDBA8F1010040F257
:1074A000A321484304EBC014C9EB4910C0EB0920E9
:1074B00004EB0014CAEB0A1004EB80045C440121C5
:1074C0004FF0C050FAF769F90120FBF748FB20465E
:1074D000FBF7C3FBFBF7F4FB0020B5E71CB500246A
:1074E00001214FF0C050FAF758F90120FBF737FBA4
:1074F0000420FBF701FB45F25001884240D0FBF726
:10750000CDFA0120FAF7A9F804E0601CC4B20A2001
:10751000F8F7F8FF4120FAF709F808B9FA2CF4DB7C
:10752000FA2C01DB01201CBD4FF48070FAF7B1F892
:107530000120FAF7B4F8FBF7C3FBFBF7CAFB012104
:107540000846FBF761FBFBF7BBFBFBF76AFB47F663
:10755000FF70FBF78FFBFBF7B3FB372023211723CB
:107560001A22CDE90010092140F2EA70FFF75AFF14
:10757000FBF760FB45F250010420FBF7B8FA07E087
:10758000FBF7A7FB01210846FBF73EFBFBF798FB47
:10759000FFF768FE032200210120FBF724FD544978
:1075A0000860FFF7C7FE0020BDE708B50020009087
:1075B0000120FBF7B3FB38B169464D480068FCF782
:1075C0000BF80520FBF7BAFB0220FBF7A7FB38B14D
:1075D000694647480068FBF7FFFF0220FBF7AEFB58
:1075E000FBF76EFB00BF009838B14FF08050414967
:1075F0000860BFF34F8FBFF36F8F00BF08BD7047A8
:107600000BE04FF0FF313A480068FBF7C8FE012855
:1076100003D1FFF78FFEFFF7F2FFF2E72DE9F05FEE
:1076200006460F4690469946DDE90AAB002440F233
:10763000B270864203DB40F63300864202DD012051
:10764000BDE8F09F40F2B2750AE02846FFF755FE0C
:1076500010B12548044401E024480444681C85B264
:10766000B542F2DB781EC7B2002510E01D48405D30
:1076700040F2A321484304EBC0143046FFF73DFE1F
:1076800018B1012D01D114480444681C85B2BD42D3
:10769000ECDBA8F1010040F2A321484304EBC01445
:1076A000C9EB4910C0EB092004EB0014CAEB0A1027
:1076B00004EB80045C4401214FF0C050FAF76DF8F0
:1076C0000120FBF74CFA2046FBF7E2FAFBF7F8FA49
:1076D0000020B5E7E887000880510100C0010020C4
:1076E000783F0020F48700080085E2018033E10143
:1076F000BC01002004ED00E008B501210420FAF7E8
:107700003FF81E20ADF8000048208DF803006946C0
:107710002D48F9F799FD08BD10B52C4800780028D0
:1077200035D002212848F9F722FE70B104212648FD
:10773000F9F71DFE48B108212348F9F718FE20B1DA
:1077400010212148F9F713FE08BB0A20FDF755F96F
:1077500000201E49087002211B48F9F708FE08B9ED
:10776000012010BD04211848F9F701FE08B90220D4
:10777000F7E708211448F9F7FAFD08B90320F0E704
:1077800010211148F9F7F3FDD8B90420E9E70221E7
:107790000D48F9F7ECFD012813D104210A48F9F747
:1077A000E6FD01280DD108210748F9F7E0FD012881
:1077B00007D110210448F9F7DAFD012801D1034966
:1077C00008700020CDE7000000080140C201002041
:1077D0002DE9F05F0546002092469B468846064606
:1077E000814640241BE0284641464746224600F099
:1077F00082F853465A46C01A914110D31146184692
:10780000224600F069F82D1A67EB01084F46224620
:107810000120002100F060F817EB00094E41201E06
:10782000A4F10104DFDC484631462A464346BDE860
:10783000F09F40EA01039B0703D009E008C9121F2B
:1078400008C0042AFAD203E011F8013B00F8013B1A
:10785000521EF9D27047D2B201E000F8012B491E46
:10786000FBD270470022F6E710B513460A460446DD
:107870001946FFF7F0FF204610BD30B505462A46F1
:107880000B4612F8010B13F8014B08B1A042F8D0D7
:107890001CB1002802D06D1CF1E7284630BD421C07
:1078A00010F8011B0029FBD1801A704730B50B4638
:1078B000014600202022012409E021FA02F59D4220
:1078C00005D303FA02F5491B04FA02F52844151EF4
:1078D000A2F10102F1DC30BD202A04DB203A00FADB
:1078E00002F1002070479140C2F1200320FA03F317
:1078F000194390407047202A04DB203A21FA02F015
:107900000021704721FA02F3D040C2F120029140D9
:107910000843194670470000064C074D06E0E06832
:1079200040F0010394E8070098471034AC42F6D3C6
:10793000F8F702FC20A4000840A4000870B58C18D9
:1079400010F8015B15F0070301D110F8013B2A1173
:1079500006D110F8012B03E010F8016B01F8016B60
:107960005B1EF9D12B0705D40023521E0DD401F85C
:10797000013BFAE710F8013BCB1A921C03E013F825
:10798000015B01F8015B521EF9D5A142D8D300205A
:1079900070BD00000FB4084B10B504A902AA0398EB
:1079A00000F01CF8044602A9002000F0B8F92046B7
:1079B00010BC5DF814FB00001F7D000802E008C841
:1079C000121F08C1002AFAD170477047002001E059
:1079D00001C1121F002AFBD1704700002DE9FF4FA3
:1079E0008BB088460546002606E025280BD0DDE949
:1079F0000D1290476D1C761C28780028F5D10FB029
:107A00003046BDE8F08F0024A146A2460122AE49CF
:107A100000E0044315F8013F203B02FA03F008425E
:107A2000F7D128782A2810D06FF02F022878A0F1FB
:107A30003001092915D809EB890102EB410144F015
:107A4000020400EB01096D1CF0E758F8041B5FEA23
:107A5000010903D544F40054C9F1000944F00204BB
:107A60006D1C28782E2817D115F8010F44F0040456
:107A70002A280ED06FF02F022878A0F130010929B2
:107A80000AD80AEB8A0102EB410100EB010A6D1CE6
:107A9000F2E758F804AB6D1C28786C280FD006DC90
:107AA0004C2817D068280DD06A2814D104E0742817
:107AB00010D07A280FD10DE044F400140AE044F409
:107AC000801401E044F440146978814202D104F545
:107AD00080146D1C6D1C2878692865D006DC002890
:107AE0008DD0632827D0642806D15DE06E2808D0A9
:107AF00073282AD0752877D0DDE90D129047761CBF
:107B0000E0E0C4F30250022809D003280DD0D8F8D1
:107B1000001004280DD00E6008F10408D2E0D8F857
:107B20000010F217C1E90062F6E7D8F800100E80E5
:107B3000F2E70E70F0E718F8041B8DF80010002033
:107B40008DF80100EB46012003E058F804BB4FF02C
:107B5000FF3061074FF0000701D40AE07F1C574552
:107B60000DDA8742FADB1BF807100029F6D106E090
:107B70007F1C8742FCDB1BF807100029F8D1DDE9E8
:107B80000D23A9EB07008146214600F0B1F83044EF
:107B9000C61904E0DDE90D121BF8010B90477F1EAA
:107BA000F8D22146484688E058F8040BC4F3025145
:107BB0004FF00A0B032900D100B2042900D140B2D2
:107BC000002802DA40422D2102E0210505D52B21B3
:107BD0008DF82410012104E006E0E10710D02021F7
:107BE000F6E708AF089113E058F8040BC4F302510C
:107BF0004FF00A0B032900D180B2042900D1C0B292
:107C00000021EEE75946FFF751FE303107F8011D1C
:107C10000028F7D1ADEB070000F1200B600702D57B
:107C200024F4803401E04FF0010ADA4502DDAAEBCA
:107C30000B0000E00020824600EB0B010898014495
:107C4000A9EB01000A90E00306D4DDE90D232146EB
:107C50000A9800F04DF806444FF0000908E009A921
:107C600011F80900DDE90D12904709F10109761CB0
:107C700008998945F3DBE0030CD5DDE90D232146A6
:107C80000A9800F035F8064404E0DDE90D123020D2
:107C90009047761CBAF10001AAF1010AF5DC05E073
:107CA000DDE90D1217F8010B9047761CBBF10001BE
:107CB000ABF1010BF4DC0A982146DDE90D2300F05D
:107CC00005F806446D1C97E6092801002DE9F041EE
:107CD000044600251E461746880404D405E03946AC
:107CE0002020B0476D1C641EF9D52846BDE8F08100
:107CF0002DE9F041044600251E469046C80301D5F3
:107D0000302700E02027880404D505E041463846A6
:107D1000B0476D1C641EF9D52846BDE8F0810A689D
:107D2000531C0B6010707047000000000000000042
:107D30000000000000000000000080C0F0F8783C67
:107D40001E0E0F070707070303070707070F0E0E8F
:107D50001C3C78F0E0800000000000000000000003
:107D60000000000000000000000000000000000013
:107D70000000000000000000F0FEFF1F01000000F6
:107D8000000000F0F8FC1C1C1C1CFCF8F0000000BB
:107D9000000000010FFFFFF80000000000000000DD
:107DA00000000000000000000000000000000000D3
:107DB0000000000000000000031F7FFEF0C0000074
:107DC000000000070F0F1E1C1C0E0F0F0300000009
:107DD000000080E0FC7F1F070000000000000000A2
:107DE0000000000000000000000000000000000093
:107DF000000000000000000000000001070F3F7CB1
:107E0000F8F0C080000000000000000080C0F0F822
:107E10007C3F0F0701000000000000000000000090
:107E200000000000000000000000000000000080D2
:107E3000C0E0E0F07070703838383838000000006A
:107E40000103070F3E7CF8F0F0F87C3E0F070301BA
:107E5000000000003838383838707070F0E0E0C04A
:107E60008000000000000000000000000000020F81
:107E70000F1F1C383870707070F0F0E0E0E0E0E048
:107E8000E0E0E0E0C0C0C0C1C1C0C0C0E0E0E0E0F0
:107E9000E0E0E0E0E0F0F07070707038381C1F0F28
:107EA0000F030000000000000000000000000000C0
:107EB00000000000000000000000000000000000C2
:107EC00001010101010101010101010101010100A3
:107ED00000000000000000000000000000000000A2
:107EE0000000000000000000000000000000000092
:107EF00000000000000000000000000080C0C04042
:107F000060602020A0B0B0B0B0B0B0A02020606011
:107F100040C0C08000000000000000000000000021
:107F20000000000000000000000000000000000051
:107F3000000080C03090482C16120B090402020089
:107F4000010101000000007E7F000000000101012E
:107F500002020204090B12362C489030C080000047
:107F60000000000000000000000000000000E038F9
:107F70008C67110C030000000000000000000040AE
:107F80008000000000000000000000000000000071
:107F90000000000000000000000001030C11E70CCD
:107FA00078E000000000000000000000F0FF01F891
:107FB00003808080808080000000000000000000BE
:107FC00000030408304080000000000000000000B2
:107FD000000000000000000000008080808080879A
:107FE000F803FFF000000000000000001FFE803FCB
:107FF000C1010101010101000000000000000000BA
:1080000000000000000203020E020202020202024D
:10801000020200000000000000010101010101C195
:108020001F80FF0F00000000000000000001071C7F
:1080300071CE906080000000000000000000000091
:108040000000000000000000000000000000000030
:108050000000000000000000000000802098C671B1
:108060001C070000000000000000000000000000ED
:10807000000003060C19322468D090A04040808094
:1080800080000000000000FCFC00000000000080F8
:1080900080004000A090C0682432190C0603000044
:1080A00000000000000000000000000000000000D0
:1080B00000000000000000000000000103030206B1
:1080C00004040D0D0D0909080809090D0D05040426
:1080D0000602030301000000000000000000000091
:1080E0000000000000000000000000000000000090
:1080F000008080C0C0C0C0C0C0C0800000000000C0
:10810000000000000000000000000000000000006F
:10811000000000000080C0C0C0C0C0C0C0C080005F
:108120000000000000000000000000000000F8FE59
:10813000FF070381E1F1F1793F1F0F80C0E0E0F01C
:10814000707070303838383838383838307070706F
:10815000F0E0E0C0800F1F3F79F1F1E1810307FFFC
:10816000FEFC00000000000000000000000003070B
:1081700007070707C3F1F87C1E0F0707030100007C
:1081800000000000000000FCFCFC000000000000FB
:1081900000000103070F0F1E7CF8F1C30707070754
:1081A00007030000000000000000000000000000C5
:1081B0000000F8FF1F0700000000000000000000A2
:1081C00000000000000000FFFFFF000000000000B2
:1081D00000000000000000000000073FFFF88000E2
:1081E000000000000000000000000000000000008F
:1081F000000FFFFFC0000000000000020707070794
:10820000070707070707070707030000000000002C
:108210000000000000000000000000C0FFFF0F0091
:10822000000000000000000000000000000000004E
:10823000000001071F7EF8F0C08000000000000071
:10824000000000000000000000000000000000002E
:1082500000000000000080C0F0F87E1F0701000051
:10826000000000000000000000000000000000000E
:108270000040E0F0783C1E0F07070F0E1C383870E6
:108280007070F0E0E0E0E0E0E0E0E0E0E0F070708E
:108290007038381C0E0F07070F1E3C78F0E04000C6
:1082A00000000000000000000000000000000000CE
:1082B00000000000000000000000000000000000BE
:1082C00000000000000000000000000000000000AE
:1082D000000000000000000000000000000000009E
:1082E000000000000000000000000000000000008E
:1082F00000008080000000000080C0F0F0C080001E
:108300000000000080C0000000000000000000002D
:1083100000000000008080C0C0E0F8FFFFFFFFFF0A
:10832000FFFFFFFFFFFFFFFFFFFFFFFFFFF8E0C0C2
:10833000C08080000000000000000000000081FFFD
:10834000FFFFFFFFFFFFFFFFFFFFFFFFFFFFFFFF3D
:10835000FFFFFFFFFFFFFFFFFF81000000000000A5
:10836000000000000001010303071FFFFFFFFFFFE4
:10837000FFFFFFFFFFFFFFFFFFFFFFFFFF1F0703E1
:1083800003010100000000000000000000000000E8
:1083900000000101000000000001030F07030100BD
:1083A00000000000010100000000000000000000CB
:1083B00000000000000000000000000000000000BD
:1083C00000000000000000000000000000000000AD
:1083D000000000000000000000000000000000009D
:1083E000000000C0F0F8FCFCFEFEFFFFFFFEFEFEFA
:1083F000FCFCF0E0C0C0C080800000000000000075
:10840000000000C0F0F8F8FCFCFCFCFFFFFFFFFFE1
:10841000FFFFFFFFFFFFFFFFFFFFFFFFFFFFFFFF6C
:10842000FFFFFEFCF80000000000000F1F3F7F7FF1
:10843000FFFFFFFFFFFFFFFFFFFFFFFFFFFFFFFF4C
:10844000FFFFFFFFFFFF7F7F7F3F1F0F0700000041
:10845000000000000000000000000000000000001C
:10846000000000000000000000000000000000000C
:1084700000000000000000000000000000000000FC
:108480000000008080808080808000002070F8F8EC
:10849000F8FCFCF8F8F8F0E0C080000000000000F4
:1084A000000080E0E0F0F0FCFEFFFFFFFFFFFFFFB9
:1084B000FFFFFFFEFCF8F0E1E383070F3FFFFFFF44
:1084C000FFFFFFFFFEFCE000000E7FFFFFFFFFFF4E
:1084D000FFFFFFFFFFFFFFFFFFFFFFFFFFFFFFFFAC
:1084E000FF3F0E0000313F3F3F3F1F1F0F070000BF
:1084F000000000F0F9FBF30303030303030303038A
:108500000303F3FBFBF30101000000800000000007
:1085100000F0F8F8F0000000000000000101000089
:1085200000001F3F3F1F000000000001010000008D
:1085300000001F3F1F0000000000010100000000BC
:10854000000000000000000000000000000000002B
:10855000808000F0F000808000000000000000003B
:1085600000000000000000000000000000003038A3
:10857000F0E0FCFCF08000F0F1E3E7FFFFE7E3F15F
:10858000F08080F0FCFCE0F03030000000000000E3
:1085900000000000000000C3C3818199B9FFFFFF04
:1085A000EFFF3CFFFF3CFFF7FFFFFF9D998181C379
:1085B000C3000000000000000000000000000C0CE0
:1085C0000F073F3F0F01000F8FC7E7FFFFE7C78F80
:1085D0000F01010F3F3F070F0C0C000000000000CF
:1085E000000000000000000000000000000000008B
:1085F0000101000F0F000101000000000000000059
:10860000000000000000000000000000000000006A
:10861000000000000000000000000080C0C0C0C0DA
:10862000C0C0C0C0C0C0C0C0C0C0C080000000008A
:1086300000000000000080C0E0F0F0F8F8F8F8F862
:10864000F8F8F8F8F1F1E1C199B9B9B9B9B9B9B91E
:10865000B9B9B918000000000000000080FEFFFF5B
:10866000FFFFFFFFFFFFFFFFFFFFFFFFFFFFFFFF1A
:10867000FFFFFBFBFBFBF3F3F3E3E3C18000000030
:108680000040FCFFFFFFFFFFFFFFFFFFFFFFFFFFBB
:10869000FFFFFFFFFFFFFFFFFFFFFFFFFFFFFFFFEA
:1086A000FFFFFFFFFFFE20000000030F1F3F3F7F83
:1086B0007F7F7F7F7F7F7F7F7F7F7F7F7F7F7F7FCA
:1086C0007F7F7F7F7F7F7F7F3F3F1F0F07030000FC
:1086D00094A30008471000080000000000000000FC
:1086E00080000020E4A300084F10000800000000F4
:1086F0000000000090000020A0A300085710000810
:108700000000000000000000A0000020B0A300084E
:108710005F1000080000000000000000B000002012
:1087200014A400081111000800000000000000005F
:10873000D0000020F4A30008311100080000000060
:1087400000000000E000002008A40008511100080B
:108750000000000000000000F0000020CCA3000892
:10876000671000080000000000000000500000201A
:10877000D8A300086F1000080000000000000000EF
:1087800060000020C0A3000877100008000000006F
:10879000000000007000002080A30008000000001E
:1087A0002087000803000000C0000020D0A30008BC
:1087B000000000005C8700080300000000000000CB
:1087C00000A4000800000000D0860008040000009B
:1087D000000000008CA3000800000000988700083B
:1087E000010000000000000000030306010406026F
:1087F000050003051F1C1F1E1F1E1F1F1E1F1E1FFF
:108800000000000000000000000000000000000068
:108810003F40000000000000000030004000300039
:108820004000000009000BC03D000BC03D000900E6
:1088300018C024407FE0224031800000180024C08E
:108840001B000D803240018003801C4027401C80AB
:108850000740004010006000000000000000000021
:108860000000000000001F80204040200000402049
:1088700020401F8000000000090006001F80060045
:1088800009000000040004003F8004000400000010
:108890000010006000000000000000000400040060
:1088A000040004000400000000000040000000007C
:1088B00000000000002001C0060038004000000059
:1088C0001F802040204020401F80000000001040FA
:1088D0003FC000400000000018C02140224024405A
:1088E0001840000010802040244024401B800000DD
:1088F00002000D0011003FC0014000003C802440F8
:1089000024402440238000001F8024402440344021
:10891000038000003000200027C038002000000045
:108920001B802440244024401B8000001C0022C0E7
:10893000224022401F80000000000000084000008C
:1089400000000000000000000460000000000000C3
:10895000000004000A0011002080404009000900C6
:1089600009000900090000000000404020801100BB
:108970000A00040018002000234024001800000012
:108980001F802040274029401F400000004007C0B2
:1089900039000F0001C0004020403FC02440244067
:1089A0001B8000001F8020402040204030800000BD
:1089B00020403FC0204020401F80000020403FC09A
:1089C00024402E4030C0000020403FC024402E00F4
:1089D000300000000F001080204022403380020051
:1089E00020403FC0040004003FC020402040204001
:1089F0003FC02040204000000060202020203FC0D9
:108A00002000200020403FC024400B0030C0204008
:108A100020403FC020400040004000C03FC03C001C
:108A200003C03C003FC0000020403FC00C4023007A
:108A30003FC020001F802040204020401F800000B9
:108A400020403FC024402400180000001F80214027
:108A5000214020E01FA0000020403FC0244026000D
:108A600019C0004018C0244024402240318000003A
:108A7000300020403FC020403000000020003F80F8
:108A8000004000403F80200020003E0001C0070061
:108A900038002000380007C03C0007C03800000044
:108AA000204039C0060039C0204000002000384076
:108AB00007C0384020000000304021C02640384028
:108AC00020C00000000000007FE0402040200000A7
:108AD000000070000C0003800040000000004020F7
:108AE00040207FE000000000000020004000200047
:108AF0000000000000100010001000100010001016
:108B000000000000400000000000000000000280A3
:108B10000540054003C0004020003FC00440044021
:108B20000380000000000380044004400640000071
:108B300000000380044024403FC000400000038048
:108B40000540054003400000000004401FC02440D1
:108B500024402000000002E005500550065004208B
:108B600020403FC00440040003C000400000044017
:108B700027C000400000000000100010041027E093
:108B80000000000020403FC00140070004C0044036
:108B9000204020403FC000400040000007C00400CB
:108BA00007C0040003C00000044007C004400400E4
:108BB00003C0004000000380044004400380000024
:108BC000041007F0045004400380000000000380FC
:108BD0000440045007F00010044007C002400400A5
:108BE00004000000000006400540054004C00000ED
:108BF000000004001F8004400040000004000780C3
:108C00000040044007C000400400070004C0018089
:108C100006000400060001C0070001C006000000B5
:108C2000044006C0010006C0044000000410071004
:108C300004E00180060004000000044005C0064076
:108C4000044000000000000004007BE04020000021
:108C5000000000000000FFF00000000000004020C5
:108C60007BE0040000000000400080004000200085
:108C70002000400000000000000000000000000094
:108C8000000000000000000000001FCC000C0000ED
:108C90000000000000000800300060000800300004
:108CA00060000000022003FC1E20022003FC1E20A6
:108CB0000220000000000E1811043FFF10840C7801
:108CC000000000000F0010840F3800C007781884DF
:108CD0000078000000780F8410C411240E9800E47E
:108CE0000084000808006800700000000000000018
:108CF0000000000000000000000007E01818200439
:108D000040020000000040022004181807E00000A4
:108D1000000000000240024001800FF0018002408C
:108D2000024000000080008000800FF8008000807A
:108D3000008000000001000D000E00000000000097
:108D400000000000000000800080008000800080A3
:108D5000008000800000000C000C000000000000FB
:108D600000000000000000060018006001800600FE
:108D700018002000000007F008081004100408087C
:108D800007F000000000080408041FFC00040004B1
:108D90000000000000000E0C101410241044118478
:108DA0000E0C000000000C181004110411041288AD
:108DB0000C700000000000E00320042408241FFCC5
:108DC0000024000000001F98108411041104108872
:108DD00010700000000007F00888110411041888C2
:108DE0000070000000001C00100010FC13001C00AC
:108DF0001000000000000E3811441084108411444B
:108E00000E38000000000700088C10441044088849
:108E100007F00000000000000000030C030C00003D
:108E2000000000000000000000010106000000003A
:108E3000000000000000008001400220041008082B
:108E40001004000002200220022002200220022042
:108E50000220000000001004080804100220014055
:108E60000080000000000E001200100C106C10803A
:108E70000F00000003E00C1813E4142417C40828A2
:108E800007D000000004003C03C41C40074000E47D
:108E9000001C000410041FFC1104110411040E88AE
:108EA0000070000003E00C181004100410041008F7
:108EB0001C10000010041FFC10041004100408080B
:108EC00007F0000010041FFC1104110417C4100463
:108ED0000818000010041FFC1104110017C0100036
:108EE0000800000003E00C181004100410441C7863
:108EF0000040000010041FFC1084008000801084DB
:108F00001FFC10040000100410041FFC10041004C7
:108F10000000000000030001100110011FFE1000FE
:108F20001000000010041FFC110403801464181CBE
:108F30001004000010041FFC1004000400040004CE
:108F4000000C000010041FFC1F0000FC1F001FFC91
:108F50001004000010041FFC0C04030000E01018B3
:108F60001FFC100007F00808100410041004080883
:108F700007F0000010041FFC108410801080108087
:108F80000F00000007F0081810241024101C080A15
:108F900007F2000010041FFC1104110011C0113071
:108FA0000E0C000400000E1C1104108410841044E8
:108FB0001C3800001800100010041FFC10041000E2
:108FC0001800000010001FF8100400040004100432
:108FD0001FF8100010001E0011E0001C007013802C
:108FE0001C0010001FC0103C00E01F0000E0103CFF
:108FF0001FC000001004180C163401C001C0163444
:10900000180C100410001C00130400FC13041C00B6
:10901000100000000804101C1064108413041C04C9
:10902000101800000000000000007FFE4002400217
:1090300040020000000030000C0003800060001CB3
:109040000003000000004002400240027FFE0000DA
:109050000000000000000000200040004000400030
:1090600020000000000100010001000100010001DA
:10907000000100010000400040002000000000004E
:109080000000000000000098012401440144014454
:1090900000FC000410001FFC00880104010400888B
:1090A0000070000000000070008801040104010449
:1090B000008800000000007000880104010411080D
:1090C0001FFC0004000000F8014401440144014475
:1090D00000C800000000010401040FFC1104110489
:1090E00011001800000000D601290129012901C939
:1090F0000106000010041FFC0084010001000104AF
:1091000000FC000400000104190419FC0004000420
:10911000000000000000000300010101190119FE18
:109120000000000010041FFC0024004001B4010CEA
:10913000010400000000100410041FFC00040004DF
:1091400000000000010401FC0104010001FC010415
:10915000010000FC010401FC008401000100010485
:1091600000FC0004000000F80104010401040104F3
:1091700000F80000010101FF0085010401040088DE
:109180000070000000000070008801040104010567
:1091900001FF00010104010401FC0084010401003D
:1091A00001800000000000CC0124012401240124DE
:1091B0000198000000000100010007F8010401040B
:1091C00000000000010001F8000400040004010890
:1091D00001FC0004010001800170000C001001601E
:1091E0000180010001F0010C003001C00030010CD1
:1091F00001F0010000000104018C00740170018C79
:1092000001040000010101810171000E00180160DC
:109210000180010000000184010C0134014401843B
:10922000010C0000000000000000000001003EFCF6
:10923000400240020000000000000000FFFF0000AC
:10924000000000000000400240023EFC010000005F
:10925000000000000000600080008000400040002E
:1092600020002000000000000000000000000000BE
:1092700000000000000000000000000000000000EE
:1092800000000000000000000000000000000000DE
:10929000000000000000000F80380FFE380F8038FB
:1092A00000000000000000000000000000000000BE
:1092B00000000100000600000C0000380000310032
:1092C000000600000C000038000030000000000024
:1092D0000000000061800067F807F98000618000ED
:1092E00061800061800061800067F807F98000619B
:1092F0008000000000000000000001C0E003E0F07A
:109300000630080418081FFFFE040E080787F00344
:1093100081E000000000000001F000060C000404E1
:1093200008060C7001F9C0000E00003BE000EC18CC
:10933000070808040C180003E00000000001E0002A
:1093400007F003F818041C0804170807E1D003C04D
:10935000E00023B0003C08002008000010000000DE
:109360000000000100003100003200001C0000007D
:1093700000000000000000000000000000000000ED
:1093800000000000000000000000000000000000DD
:10939000000000007F0001FFC00780F00C001810E3
:1093A0000004200002000000000000200002100065
:1093B000040C00180780F001FFC0007F00000000CF
:1093C000000000000000000000000000000000009D
:1093D0004200006600006600003C0000180003FF29
:1093E000C0001800003C000066000066000042005B
:1093F000000000000800000800000800000800004D
:10940000080001FFC0000800000800000800000874
:1094100000000800000000000001000031000032E0
:1094200000001C0000000000000000000000000020
:10943000000000000000000000000000080000081C
:1094400000000800000800000800000800000800F4
:1094500000080000080000080000000000000000F4
:109460000000000038000038000038000000000054
:1094700000000000000000000000000000000000EC
:1094800000000000000600001C00007000018000C9
:109490000E0000380000C0000700001C0000300073
:1094A00000000000000000007F8001FFE0038070EA
:1094B0000600180400080400080600180380700164
:1094C000FFE0007F800000000000000000000100BD
:1094D0000801000801000803FFF807FFF800000872
:1094E000000008000008000000000000000000016B
:1094F000C03802C05804009804011804021804047B
:1095000018061C1803F81801E0F80000000000001D
:1095100000000001C0E003C0F004000804080804D3
:10952000080806180803F41801E7F00001E000003D
:1095300000000000000000000300000D000011000A
:1095400000610000810803010807FFF80FFFF80021
:1095500001080001080000000000000000E007FC16
:10956000D006080806100806100806100806183865
:10957000060FF00607C00000000000000000000019
:109580003F8001FFE0038430020818041008041033
:1095900008041008071810030FF00007C0000000AF
:1095A00000000000000003C00007000006000006E5
:1095B00000F80607F806180006E00007000006009D
:1095C0000000000000000001E1E003F7F0063410A5
:1095D000041808041808040C08040C0806161803DC
:1095E000F3F001C1E000000000000000F80003FCFF
:1095F00030030638040208040208040208040410B8
:109600000308F001FFC0007F000000000000000020
:109610000000000000000000000000007038007032
:10962000380070380000000000000000000000005A
:10963000000000000000000000000000000000002A
:10964000301A00301C000000000000000000000084
:1096500000000000000000000000000800001400EE
:109660000022000041000080800100400200200430
:109670000010080008000000000000002100002188
:109680000000210000210000210000210000210035
:109690000021000021000021000000000000000067
:1096A00000000800080400100200200100400080B3
:1096B00080004100002200001400000800000000AB
:1096C00000000003C00004C00004000008003808C7
:1096D0000F380808380810000C300007E00003C0FD
:1096E00000000000000000003F8000FFE0038070E9
:1096F000020F1006708804C088048308047F880263
:10970000C09003012000FE40000008000018000186
:10971000F8003E0801C20007020007E20000FE0058
:10972000001FC80001F80000380000080400080706
:10973000FFF807FFF80408080408080408080408EC
:109740000806180803F41801E7F00001E000000023
:10975000000000003F8001FFE00380700200180459
:109760000008040008040008040010060020078018
:10977000C000000004000807FFF807FFF804000815
:10978000040008040008040018020010038070019F
:10979000FFE0007F8000000004000807FFF807FFDB
:1097A000F8040808040808040808040808043E0827
:1097B000040008060018010060000000040008070B
:1097C000FFF807FFF804080804080004080004086C
:1097D00000043E00060000060000018000000000BA
:1097E000000000003F8001FFE003807006001804C5
:1097F00000080402080402080203F00783F00002D4
:109800000000020004000807FFF807FFF80408083A
:10981000000800000800000800000800040808070D
:10982000FFF807FFF8040008000000000000040033
:109830000804000804000807FFF807FFF804000800
:109840000400080400080000000000000000000000
:1098500000060000070000010400010400010400EC
:109860000307FFFE07FFFC040000040000040000E3
:1098700004000807FFF807FFF8040C0800180000B0
:109880003E0004C7800503C80600F8040038040041
:109890001800000804000807FFF807FFF804000894
:1098A0000000080000080000080000080000080090
:1098B000001800006000000004000807FFF807809F
:1098C0000807FC00007FC00003F80007C000780014
:1098D00007800807FFF807FFF804000804000807DE
:1098E000FFF807000803C00000E000003800001E79
:1098F000000007000001C00400F007FFF8040000AA
:10990000000000007F8001FFE00380700600180463
:10991000000804000806001803003001FFE0007F83
:109920008000000004000807FFF807FFF80404089F
:10993000040400040400040400040400060C0003F2
:10994000F80001F000000000000000007F8001FF2F
:10995000E00380700600880400880400C806003C0C
:1099600003003E01FFE6007F8400000004000807BA
:10997000FFF807FFF8040808040800040C00040FAF
:1099800000040BC00610F003F03801E008000008E6
:1099900000000001E0F803F030063010041808045D
:1099A0001808040C08040C080206180207F00781C6
:1099B000E000000001800006000004000004000038
:1099C00004000807FFF807FFF8040008040000047B
:1099D000000006000001800004000007FFE007FF10
:1099E000F00400180000080000080000080000084B
:1099F00000000804001007FFE00400000400000657
:109A0000000007E00007FE00041FE00001F800006E
:109A1000380001E0043E0007C0000600000400001A
:109A200004000007E00007FFC0041FF80007C0079C
:109A3000F80007FF80043FF80007C004F8000700A3
:109A40000004000000000004000806001807C078A9
:109A500005F1C8003E00001F800463E80780F80697
:109A60000018040008000000040000060000078041
:109A70000007E008047C08001FF80007F800180839
:109A800004E00807000006000004000000000001D8
:109A900000080600380400F80403E8040F08047CFA
:109AA0000805F00807C0080700180400600000005F
:109AB0000000000000000000000000000000003F67
:109AC000FFFE2000022000022000022000022000F1
:109AD0000200000000000000000008000007000075
:109AE00000C0000038000006000001C00000300087
:109AF000000E000001000000000000000000200037
:109B0000022000022000022000022000023FFFFE8F
:109B10000000000000000000000000000000000045
:109B200000000000000800001000003000002000CD
:109B300000300000100000080000000000000000DD
:109B40000000010000010000010000010000010010
:109B50000001000001000001000001000001000000
:109B600001000001000000000000000000200000D3
:109B700020000010000010000000000000000000A5
:109B800000000000000000000000000000F00019CC
:109B9000F8001B18002208002608002408002410E2
:109BA000003FF8001FF80000080000180000000443
:109BB000000007FFF80FFFF0001818001008002041
:109BC00008002008003018001FF0000FC00000003F
:109BD0000000000007C0001FF0001830002008003F
:109BE0002008002008003C08001C10000060000055
:109BF000000000000000000007C0001FF00038183F
:109C000000200800200800200804101007FFF80FAB
:109C1000FFF000001000000000000000000000073E
:109C2000C0001FF000123000221800220800220895
:109C3000003208001E10000E20000000000000008E
:109C4000200000200800200801FFF803FFF806208C
:109C5000080420080420080720000300000000007A
:109C600000000000000E000E6E001FF30031B10076
:109C700020B10020B1003191001F13002E1E0020E2
:109C80000E00300000000004000807FFF80FFFF886
:109C9000001008002000002000002008003FF8000D
:109CA0001FF8000008000000000000000000002075
:109CB00008002008002008063FF8063FF8000008CA
:109CC0000000080000080000000000000000000084
:109CD000000000000300000300200100200100201C
:109CE00003063FFE063FFC000000000000000000ED
:109CF00000000004000807FFF80FFFF800018800CB
:109D00000300002FC00038F80020380020080000B1
:109D10000800000000000000000004000804000823
:109D200004000807FFF80FFFF80000080000080013
:109D30000008000000000000002008003FF8003F7D
:109D4000F8001008002000003FF8003FF80010085D
:109D5000002000003FF8003FF8000008000000006D
:109D60002008003FF8003FF8001008001000002015
:109D700000002008003FF8001FF800000800000065
:109D80000000000007C0000FF0001830003008008D
:109D90002008002008003008001830000FF00007ED
:109DA000C0000000000000002001003FFF003FFF56
:109DB00000101100200900200800200800303800A1
:109DC0001FF0000FC00000000000000007C0001FCF
:109DD000F0003818002008002008002009001011A9
:109DE000001FFF003FFF00000100000000200800EE
:109DF0002008002008003FF8003FF8000808001085
:109E000008002008002000003000003000000000A2
:109E1000000000000000000C78001E18003308004D
:109E200023080021080021880021980030F0003824
:109E30006000000000000000200000200000200062
:109E400000FFF003FFF800200800200800200800B1
:109E50000030000000000000000000002000003F73
:109E6000F0007FF800001800000800000800201033
:109E7000003FF8007FF0000010000000000000002C
:109E80002000003000003C00003F800023F0000074
:109E900078000070002380003C00003000002000AB
:109EA000002000003C00003FE00023F80000E0003C
:109EB0002700003E00003FE00021F80001E0003EE6
:109EC00000002000000000002008002008003838B2
:109ED000003E680027800003C8002CF800383800D6
:109EE00020180020080000000000000020000030C2
:109EF00003003C01003F830023EC0000700023803E
:109F0000003C0000200000200000000000000000D5
:109F100000000038080020380020F80023E8002F57
:109F200088003E080038080020180000700000007B
:109F30000000000000000000000000000000000021
:109F400008000014001FF7FC30000620000200008B
:109F50000000000000000000000000000000000001
:109F6000000000000000FFFFFF00000000000000F4
:109F700000000000000000000000000000002000C1
:109F8000023000061FF7FC0014000008000000006B
:109F900000000000000000000000000000000018A9
:109FA00000006000004000004000002000001000A1
:109FB000000800000400000400000C000010000075
:109FC00000129490909F909094F20000000404047A
:109FD00004040404040F000004F4555654F404E689
:109FE00005F40400000F0101090F0003080F000031
:109FF00008242B2A2A2A2A2AEA0A02000000000042
:10A000000000000003040E00224400C05FD555D5B7
:10A010005FC000000402090F080F080F080F0800B6
:10A020000000FF21A9A9BDA9A921FF000804030080
:10A03000030202020B080F0000FE2222222222222B
:10A0400022FE0000000F040404040404040F0000B6
:10A050004040404040404040404040000000000040
:10A0600000000000000000000004040404040404D4
:10A0700004040000040404040404040404040400AC
:10A0800000024242424242424202000008080808DE
:10A09000080808080808080000FE02827E02027E06
:10A0A0008282FE00000F05040404040404040F006F
:10A0B000022222E23E222222E202000008080E09C9
:10A0C000080808080F080800101010D011161050CA
:10A0D00090101000080403000000000000030C00B2
:10A0E0001011F20050CF41414FD010000000070284
:10A0F00008080502050808001017D555577D575563
:10A10000D517100008080F0808080F0808080000F5
:10A11000FE2222FE0008488808FF08000702020706
:10A1200000000009080F000000F902F849494949F8
:10A13000F901FF00000F0003020202020B080F00EA
:10A1400000FE22222222222222FE0000000F04040E
:10A1500004040404040F000004FF5454FF0400FE30
:10A160009292FE00090501010509080700080F0089
:10A1700002FAAAAAAAFEAAAAAAFA020008090A04CE
:10A18000040B08080808080020AAB2E3B2AA00FEDF
:10A1900012F211000402080F000A0403000F00006D
:10A1A000F902C84949FB4D49C901FF000F000300EE
:10A1B000000F000203080F008897F4949400F888B9
:10A1C000FF88F80000000F04020001000F000100EA
:10A1D000224400482919CF09192948000402010422
:10A1E00002080F01060106000808FF0808F800FC35
:10A1F0000404FC00080601080807000F04040F000F
:10A20000FE22FE20FE22FE20FC00FF0007080F00B9
:10A2100007080F0001080F00FE32CE00485452F12B
:10A22000525448000F0201040201080F0001060009
:10A230008888FF4848020202FE02020000080F0060
:10A24000000008080F000000404242FE424242FE69
:10A2500042424000000806010000000F000000001C
:10A260004048494A48F8484A49484000080804021A
:10A27000010001020408080000F9022020A2FA22CD
:10A280002202FE00000F00020104070008080F0070
:10A290001011F2002826E43FE424200008040304FF
:10A2A0000A090808090A0B008888FF4821A395E9D4
:10A2B00095A3200000080F000202020F0202020014
:10A2C0001010FF1020FC10FF0884FC00040403029F
:10A2D0000007080908080E0000FE020A12A242A2A6
:10A2E000120A0200000F080A09080808090A0800F3
:10A2F0008868FF4804E42526E404040000000F08F1
:10A300000403000007080E00201800FF1020FE00C4
:10A310001020FF00080403000000070000000F00E9
:10A3200000000000FF1010101010000008080808BE
:10A330000F08080808080800112248C47B4A6A4A26
:10A340004AFA4200040200030202030A0A0702005A
:10A35000224406524A46F2464A5246000402040487
:10A3600002010F010204040008FF0800FF0000FEC4
:10A370000000FF00020309040300000700000F00B3
:10A3800053656C656374204172656100417265615B
:10A3900000000000416C61726D20416464000000A7
:10A3A000416C61726D20456E61626C650000000059
:10A3B000416C61726D2044697361626C65000000DC
:10A3C0005570646174652054696D6500536574202F
:10A3D00054696D6500000000536574204461746524
:10A3E00000000000416C61726D2044656C6574650D
:10A3F000000000007368616E67686169000000001A
:10A40000416C61726D0000007368656E7A68656EFC
:10A410000000000068616E677A686F7500000000D8
:10A4200040A4000800000020C40100003C7900089E
:10A43000FCA40008C4010020C43F0000CC7900083F
:10A44000D11410014022204BF401041135080140C1
:10A4500002791001131AFF01C113E0A01B08F804D0
:10A460001310A11B08280469101A400C1A58041A6A
:10A4700070041A880469101AD0041AE8041AA00497
:10A480001AB8041112A21B08180469101A300C9A89
:10A4900048101A600C9A78101A900C1AA8041AC066
:10A4A000041AD8041AF0041B08A348711A200C9A45
:10A4B00038101A500C9A68101A389C1A50041A68EE
:10A4C000041A80041A98041AB0041AC8044BE882CB
:10A4D000041BB083741A84B41A855C4A863C2D012F
:10A4E0000203040478080607080902040650013034
:0CA4F00002371F1AAA01611201000000CF
:04000005080001E30B
:00000001FF
